Shipment_ID,Order_Date,Origin_City,Destination_City,Distance_KM,Weight_KG,Vehicle_Type,Product_Category,Weather,Fuel_Cost_INR,Promised_Days,Actual_Days,Delivery_Status,Distance_KM_Normalized,Weight_KG_Normalized,Fuel_Cost_INR_Normalized
SC10000,2025-04-13,Mumbai,Delhi,677.7,123.05,Van,Groceries,Clear,3678.65,3,5.0,Delayed,0.5777987799639145,0.12895879897102855,0.4163627574866716
SC10001,2025-12-15,Mumbai,Mumbai,150.3,510.25,Van,Furniture,Rain,1002.24,7,4.0,On-Time,0.12466706761749295,0.537173702188673,0.10043374563465621
SC10002,2025-09-28,Hyderabad,Hyderabad,765.3,889.77,Bike,Apparel,Rain,4399.86,5,7.0,Delayed,0.6530629779190652,0.9372917808796863,0.5014958882991375
SC10003,2025-04-17,Delhi,Delhi,304.5,293.28,Heavy Truck,Furniture,Clear,1363.64,4,3.0,On-Time,0.25715267634676525,0.3084278665710791,0.14309415449701973
SC10004,2025-03-13,Mumbai,Hyderabad,274.7,826.13,Bike,Groceries,Clear,2683.08,3,3.0,On-Time,0.23154910215654267,0.8701977818074474,0.29884360073209704
SC10005,2025-07-08,Bengaluru,Chennai,54.6,726.01,Mini Truck,Groceries,Clear,3932.65,4,2.0,On-Time,0.04244350889251655,0.7646438662337116,0.44634544661517284
SC10006,2025-01-21,Bengaluru,Chennai,391.5,235.8,Heavy Truck,Electronics,Clear,1740.79,2,5.0,Delayed,0.33190136609674376,0.24782819550457558,0.1876137261695167
SC10007,2025-04-13,Chennai,Chennai,91.7,35.01,Bike,Pharma,Clear,2397.02,3,1.0,On-Time,0.07431909957900165,0.03614051364230591,0.2650764824167464
SC10008,2025-05-02,Delhi,Hyderabad,202.6,97.2,Van,Pharma,Rain,4444.78,2,3.0,Delayed,0.1696021995016754,0.10170581537553242,0.5067983386757213
SC10009,2025-08-03,Mumbai,Delhi,257.0,692.2,Van,Furniture,Clear,5636.78,5,5.0,On-Time,0.21634161010396086,0.7289988613840511,0.6475045018299473
SC10010,2025-11-27,Bengaluru,Chennai,648.0,190.09,Bike,Apparel,Clear,3246.08,1,5.0,Delayed,0.5522811238078873,0.19963732973474466,0.36530129356416857
SC10011,2025-03-29,Chennai,Delhi,701.0,353.02,Bike,Apparel,Clear,208.33,6,5.0,On-Time,0.5978176819314375,0.3714101969383882,0.006718955374780667
SC10012,2025-04-10,Chennai,Hyderabad,245.5,476.86,Bike,Electronics,Clear,2130.01,7,2.0,On-Time,0.20646103617149242,0.5019714924303126,0.23355806578603341
SC10013,2025-12-26,Hyderabad,Delhi,687.7,689.33,Mini Truck,Groceries,Rain,2482.01,5,7.0,Delayed,0.5863905833834523,0.7259730949268335,0.275108879066476
SC10014,2025-06-01,Delhi,Hyderabad,686.5,108.01,Mini Truck,Electronics,Clear,2134.17,5,5.0,On-Time,0.5853595669731078,0.11310251760637625,0.234049120852075
SC10015,2025-05-11,Delhi,Hyderabad,612.9,386.34,Van,Pharma,Clear,2702.17,5,4.0,On-Time,0.5221238938053098,0.40653860751486526,0.30109702410006195
SC10016,2025-05-30,Hyderabad,Mumbai,121.6,461.08,Mini Truck,Groceries,Storm,3851.1,3,4.0,Delayed,0.10000859180341955,0.48533504828575047,0.43671911473159297
SC10017,2025-11-05,Delhi,Hyderabad,553.8,514.02,Mini Truck,Electronics,Clear,858.6,2,4.0,Delayed,0.4713463355958416,0.5411483152701051,0.08347818080623923
SC10018,2025-09-15,Chennai,Hyderabad,756.3,777.53,Heavy Truck,Furniture,Clear,1744.89,6,4.0,On-Time,0.6453303548414813,0.8189600640998609,0.1880976987105673
SC10019,2025-12-10,Chennai,Bengaluru,547.6,163.51,Mini Truck,Pharma,Clear,3119.74,3,3.0,On-Time,0.4660194174757283,0.17161472609960782,0.3503878567748188
SC10020,2025-10-21,Hyderabad,Chennai,268.6,767.54,Heavy Truck,Apparel,Storm,1996.1,1,5.0,Delayed,0.22630810207062468,0.8084278665710792,0.21775105042698772
SC10021,2025-07-11,Mumbai,Mumbai,403.0,658.39,Mini Truck,Electronics,Storm,5947.85,7,6.0,On-Time,0.3417819400292122,0.6933538565343905,0.6842238526457068
SC10022,2025-10-04,Bengaluru,Mumbai,518.4,528.3,Van,Pharma,Clear,2673.87,7,4.0,On-Time,0.44093135149067797,0.5562033483743095,0.2977564331459809
SC10023,2025-06-10,Mumbai,Mumbai,410.9,664.7,Bike,Pharma,Clear,5238.33,6,5.0,On-Time,0.34856946473064704,0.7000063256441615,0.6004706337856509
SC10024,2025-11-10,Delhi,Bengaluru,100.4,391.71,Van,Apparel,Fog,5394.58,7,4.0,On-Time,0.08179396855399951,0.41220005903934553,0.6189147092830065
SC10025,2025-01-22,Bengaluru,Hyderabad,253.1,131.91,Mini Truck,Apparel,Clear,5040.64,7,2.0,On-Time,0.21299080677034113,0.1382996668494075,0.5771348943611888
SC10026,2025-09-10,Hyderabad,Chennai,642.9,632.64,Bike,Apparel,Clear,424.35,5,5.0,On-Time,0.5478993040639231,0.6662063003415849,0.032218406183988656
SC10027,2025-08-24,Hyderabad,Delhi,689.8,498.68,Bike,Electronics,Rain,5694.32,4,6.0,Delayed,0.5881948621015551,0.5249757516973813,0.6542966432963015
SC10028,2025-12-11,Bengaluru,Hyderabad,114.2,607.59,Bike,Apparel,Clear,903.14,1,2.0,Delayed,0.09365065727296161,0.6397967359676128,0.08873577519121342
SC10029,2025-02-18,Chennai,Bengaluru,762.1,321.43,Heavy Truck,Furniture,Clear,351.26,2,5.0,Delayed,0.6503136008248133,0.338105680428457,0.023590710324137662
SC10030,2025-02-28,Bengaluru,Hyderabad,266.4,861.57,Van,Pharma,Rain,2574.06,1,4.0,Delayed,0.22441790531832634,0.9075612533209634,0.2859746528234781
SC10031,2025-06-19,Delhi,Hyderabad,531.5,558.21,Heavy Truck,Apparel,Clear,1288.61,3,5.0,Delayed,0.45218661397027243,0.5877366845190403,0.13423745699579356
SC10032,2025-07-07,Chennai,Bengaluru,602.7,81.59,Bike,Pharma,Clear,1227.55,7,5.0,On-Time,0.5133602543173813,0.08524859781554422,0.12702980739663497
SC10033,2025-09-28,Hyderabad,Mumbai,650.5,427.59,Van,Groceries,Clear,1833.74,4,6.0,Delayed,0.5544290746627718,0.4500274111246995,0.19858573780138358
SC10034,2025-07-09,Bengaluru,Mumbai,756.9,718.66,Van,Groceries,Clear,1603.17,3,6.0,Delayed,0.6458458630466536,0.7568949521359593,0.17136877468186185
SC10035,2025-06-24,Mumbai,Chennai,253.8,754.53,Mini Truck,Apparel,Clear,4156.05,6,4.0,On-Time,0.21359223300970878,0.7947117614810443,0.47271604799827194
SC10036,2025-02-20,Mumbai,Chennai,687.5,470.12,Heavy Truck,Pharma,Clear,1242.65,5,6.0,Delayed,0.5862187473150615,0.4948656854889723,0.12881224285269943
SC10037,2025-12-30,Delhi,Mumbai,109.7,850.06,Heavy Truck,Groceries,Rain,3327.24,7,3.0,On-Time,0.08978434573416963,0.8954265592712859,0.374881589035307
SC10038,2025-02-24,Mumbai,Delhi,565.5,254.65,Mini Truck,Apparel,Fog,5920.6,5,7.0,Delayed,0.48139874559670087,0.2677012609117362,0.681007205878968
SC10039,2025-09-01,Bengaluru,Hyderabad,594.9,390.36,Heavy Truck,Pharma,Clear,2679.44,1,5.0,Delayed,0.5066586476501418,0.4107767891030237,0.2984139275493106
SC10040,2025-11-16,Bengaluru,Delhi,543.8,853.72,Bike,Apparel,Rain,3904.96,5,7.0,Delayed,0.46275453217630386,0.8992852022097585,0.44307686133183344
SC10041,2025-05-11,Mumbai,Hyderabad,205.6,851.5,Bike,Pharma,Rain,5820.82,5,3.0,On-Time,0.17217974052753673,0.8969447138700292,0.6692289668189606
SC10042,2025-11-03,Bengaluru,Mumbai,699.1,651.58,Heavy Truck,Groceries,Rain,955.19,6,6.0,On-Time,0.5961852392817253,0.686174250411167,0.09487986562089251
SC10043,2025-05-15,Delhi,Chennai,139.2,816.1,Mini Truck,Apparel,Clear,2598.85,2,2.0,On-Time,0.115130165821806,0.8596234133175896,0.28890091606558654
SC10044,2025-01-21,Chennai,Chennai,47.6,84.79,Van,Groceries,Fog,5123.63,2,3.0,Delayed,0.03642924649884012,0.08862227470164045,0.5869312068445522
SC10045,2025-11-25,Delhi,Delhi,575.4,821.81,Heavy Truck,Apparel,Clear,5603.99,3,6.0,Delayed,0.48990463098204323,0.8656433180112175,0.6436339019223744
SC10046,2025-06-16,Delhi,Chennai,383.0,304.93,Van,Electronics,Clear,3667.23,7,3.0,On-Time,0.3245983331901367,0.32071015898452326,0.41501471689672087
SC10047,2025-10-01,Bengaluru,Mumbai,680.0,169.83,Mini Truck,Groceries,Clear,989.01,3,6.0,Delayed,0.5797748947504082,0.1782777379496479,0.09887204887414414
SC10048,2025-03-30,Chennai,Delhi,309.8,227.78,Van,Groceries,Rain,5423.61,2,3.0,Delayed,0.26170633215912026,0.23937291780879688,0.6223414709578111
SC10049,2025-11-12,Chennai,Hyderabad,138.8,397.36,Mini Truck,Furniture,Clear,1170.51,1,3.0,Delayed,0.11478649368502451,0.41815670729135923,0.12029668697187235
SC10050,2025-01-14,Hyderabad,Chennai,670.0,239.01,Mini Truck,Groceries,Clear,2214.34,2,4.0,Delayed,0.5711830913308704,0.25121241513094084,0.24351255466086216
SC10051,2025-08-30,Bengaluru,Bengaluru,441.4,304.88,Bike,Pharma,Rain,2346.72,3,5.0,Delayed,0.3747744651602372,0.320657445283178,0.2591389656326377
SC10052,2025-09-22,Bengaluru,Chennai,155.4,128.66,Bike,Apparel,Fog,2766.66,4,4.0,On-Time,0.1290488873614572,0.13487327626196602,0.3087095580445385
SC10053,2025-12-12,Bengaluru,Hyderabad,577.7,281.72,Mini Truck,Electronics,Rain,4772.47,7,6.0,On-Time,0.49188074576853696,0.29624045882005656,0.5454795489139834
SC10054,2025-02-22,Chennai,Delhi,411.3,543.88,Heavy Truck,Pharma,Clear,4842.54,5,3.0,On-Time,0.3489131368674286,0.5726289377134905,0.5537507576826215
SC10055,2025-12-06,Bengaluru,Hyderabad,485.4,420.04,Bike,Pharma,Clear,4359.98,6,4.0,On-Time,0.41257840020620334,0.44206764222156625,0.49678837002179643
SC10056,2025-04-02,Chennai,Bengaluru,398.2,457.015,Mini Truck,Pharma,Clear,3093.86,4,5.0,Delayed,0.33765787438783407,0.4810494243663813,0.3473329276620408
SC10057,2025-09-21,Mumbai,Mumbai,663.8,709.26,Van,Pharma,Clear,3454.34,4,6.0,Delayed,0.565856173210757,0.7469847762830516,0.3898847378078759
SC10058,2025-02-04,Hyderabad,Chennai,664.5,848.89,Van,Electronics,Rain,4522.83,5,7.0,Delayed,0.5664575994501246,0.8941930586598069,0.5160115232681604
SC10059,2025-07-25,Chennai,Delhi,569.0,719.07,Heavy Truck,Furniture,Clear,2751.06,2,6.0,Delayed,0.4844058767935391,0.7573272044869904,0.3068681015468825
SC10060,2025-03-22,Mumbai,Mumbai,88.8,315.73,Van,Groceries,Fog,5677.88,7,2.0,On-Time,0.0718274765873357,0.3320963184750981,0.6523560314487719
SC10061,2025-02-19,Chennai,Hyderabad,671.9,707.35,Van,Pharma,Clear,4969.29,1,5.0,Delayed,0.5728155339805826,0.744971112891663,0.5687125917260762
SC10062,2025-12-26,Chennai,Delhi,538.5,144.81,Mini Truck,Groceries,Clear,3883.21,4,4.0,On-Time,0.4582008763639489,0.15189980179648296,0.44050944602260156
SC10063,2025-01-02,Hyderabad,Mumbai,559.1,124.24,Van,Groceries,Fog,515.19,1,5.0,Delayed,0.4758999914081967,0.13021338506304558,0.04294134902033925
SC10064,2025-02-23,Delhi,Delhi,293.6,328.67,Van,Pharma,Clear,3966.23,6,3.0,On-Time,0.24778761061946905,0.3457386243832497,0.45030929976846046
SC10065,2025-04-16,Delhi,Bengaluru,704.0,767.41,Van,Furniture,Clear,5482.74,6,6.0,On-Time,0.6003952229572989,0.8082908109475816,0.6293212993364264
SC10066,2025-09-17,Chennai,Bengaluru,581.7,234.41,Van,Groceries,Rain,2369.76,6,6.0,On-Time,0.49531746713635205,0.24636275460717752,0.2618586552291758
SC10067,2025-11-06,Bengaluru,Chennai,94.5,60.56,Mini Truck,Apparel,Clear,5053.08,3,1.0,On-Time,0.07672480453647222,0.06307721502973053,0.5786033378759862
SC10068,2025-07-10,Mumbai,Chennai,329.2,125.56,Van,Groceries,Clear,1981.99,4,2.0,On-Time,0.2783744307930235,0.13160502677856029,0.21608547663327451
SC10069,2025-08-06,Bengaluru,Bengaluru,709.7,815.88,Heavy Truck,Pharma,Clear,3485.1,6,6.0,On-Time,0.6052925509064354,0.8593914730316705,0.3935157122865873
SC10070,2025-02-13,Bengaluru,Delhi,42.5,602.28,Bike,Electronics,Clear,3943.28,3,2.0,On-Time,0.03204742675487586,0.6341985408847468,0.4476002339594089
SC10071,2025-06-11,Chennai,Bengaluru,769.3,240.91,Heavy Truck,Groceries,Clear,4116.27,6,6.0,On-Time,0.6564996992868803,0.25321553578206046,0.4680203339292492
SC10072,2025-07-21,Chennai,Chennai,544.9,527.75,Bike,Furniture,Rain,5312.91,2,5.0,Delayed,0.46369963055245306,0.5556234976595118,0.6092742123494447
SC10073,2025-09-27,Chennai,Bengaluru,506.9,501.44,Heavy Truck,Apparel,Rain,1522.54,4,5.0,Delayed,0.43105077755820953,0.5278855480116392,0.16185104151481045
SC10074,2025-12-17,Chennai,Bengaluru,220.1,622.84,Bike,Apparel,Clear,1684.86,3,2.0,On-Time,0.1846378554858665,0.6558744148779152,0.18101163245708726
SC10075,2025-10-31,Delhi,Delhi,202.8,221.91,Bike,Electronics,Clear,4268.64,6,3.0,On-Time,0.16977403557006618,0.2331843292708641,0.4860064061438544
SC10076,2025-09-28,Chennai,Mumbai,753.9,821.25,Bike,Electronics,Fog,1186.58,7,7.0,On-Time,0.6432683220207922,0.8650529245561508,0.12219362324862434
SC10077,2025-08-03,Delhi,Chennai,242.1,294.25,Bike,Groceries,Storm,2865.98,3,4.0,Delayed,0.20353982300884957,0.3094505123771771,0.32043349774628155
SC10078,2025-09-09,Delhi,Delhi,621.5,659.58,Mini Truck,Pharma,Clear,267.2,6,6.0,On-Time,0.5295128447461123,0.6946084426264076,0.013668092811768326
SC10079,2025-07-09,Chennai,Bengaluru,317.5,15.81,Heavy Truck,Furniture,Rain,974.73,2,3.0,Delayed,0.26832202079216433,0.015898452325728507,0.0971864079262898
SC10080,2025-10-23,Hyderabad,Bengaluru,115.7,354.34,Bike,Apparel,Rain,4121.25,1,2.0,Delayed,0.09493942778589227,0.37280183865390293,0.46860818350350086
SC10081,2025-08-01,Mumbai,Mumbai,13.5,334.45,Heavy Truck,Electronics,Clear,4522.65,6,1.0,On-Time,0.007131196838216343,0.35183232825876104,0.5159902756931873
SC10082,2025-07-27,Bengaluru,Chennai,437.7,516.54,Van,Furniture,Clear,824.62,1,3.0,Delayed,0.37159549789500823,0.5438050858179059,0.07946711081967833
SC10083,2025-08-25,Delhi,Chennai,780.7,69.56,Bike,Pharma,Clear,1482.1,4,6.0,Delayed,0.6662943551851535,0.0725656812718762,0.15707741967088684
SC10084,2025-12-04,Mumbai,Hyderabad,298.5,750.73,Heavy Truck,Apparel,Rain,728.59,2,5.0,Delayed,0.2519975942950426,0.790705520178805,0.06813152957160759
SC10085,2025-02-22,Hyderabad,Chennai,289.0,207.28,Mini Truck,Apparel,Rain,2685.47,7,3.0,On-Time,0.2438353810464817,0.21776030025724288,0.29912572131090454
SC10086,2025-10-07,Bengaluru,Mumbai,278.6,643.35,Heavy Truck,Pharma,Rain,887.78,4,4.0,On-Time,0.23489990549016243,0.6774975751697382,0.08692264879352138
SC10087,2025-08-05,Bengaluru,Hyderabad,418.8,763.15,Bike,Apparel,Clear,2708.18,7,3.0,On-Time,0.3553569894320819,0.803799603592966,0.3018064570199922
SC10088,2025-09-09,Delhi,Hyderabad,355.3,534.0,Van,Pharma,Rain,4432.77,1,3.0,Delayed,0.3007990377180171,0.5622127103276685,0.5053806532566926
SC10089,2025-07-07,Chennai,Bengaluru,704.5,703.97,Heavy Truck,Apparel,Rain,4147.82,2,7.0,Delayed,0.6008248131282757,0.7414076666807238,0.4717445616536751
SC10090,2025-02-10,Hyderabad,Bengaluru,406.9,628.94,Van,Groceries,Fog,1790.69,5,4.0,On-Time,0.3451327433628319,0.6623054864420361,0.19350402612035217
SC10091,2025-06-06,Delhi,Chennai,408.7,338.08,Mini Truck,Pharma,Clear,4091.51,2,3.0,Delayed,0.34667926797834875,0.35565934297642643,0.4650976119496362
SC10092,2025-01-15,Hyderabad,Hyderabad,115.0,768.51,Heavy Truck,Furniture,Rain,5577.12,2,3.0,Delayed,0.09433800154652464,0.8094505123771771,0.6404621111472452
SC10093,2025-10-28,Chennai,Bengaluru,786.3,280.32,Heavy Truck,Groceries,Clear,2183.02,7,6.0,On-Time,0.6711057651000946,0.2947644751823894,0.2398154766155682
SC10094,2025-03-06,Chennai,Mumbai,203.7,542.87,Mini Truck,Furniture,Rain,2075.35,5,4.0,On-Time,0.17054729787782458,0.5715641209463165,0.22710588551924646
SC10095,2025-12-11,Delhi,Bengaluru,63.3,708.26,Mini Truck,Apparel,Rain,3492.92,3,3.0,On-Time,0.049918377867514394,0.7459305022561465,0.394438801377079
SC10096,2025-11-23,Chennai,Bengaluru,532.2,360.32,Mini Truck,Furniture,Clear,1586.19,3,4.0,Delayed,0.45278804020964014,0.3791063973347953,0.16936442010941322
SC10097,2025-01-09,Mumbai,Hyderabad,478.3,287.98,Bike,Groceries,Rain,3961.74,3,4.0,Delayed,0.4064782197783316,0.3028402142284823,0.4497792908149684
SC10098,2025-12-10,Bengaluru,Hyderabad,335.0,436.65,Bike,Pharma,Clear,5018.73,1,3.0,Delayed,0.2833576767763554,0.4595791338084595,0.5745485923186475
SC10099,2025-05-09,Delhi,Delhi,340.6,777.16,Heavy Truck,Electronics,Rain,2837.01,2,4.0,Delayed,0.2881690866912966,0.818569982709906,0.3170138185964679
SC10100,2025-05-16,Hyderabad,Mumbai,629.1,883.46,Heavy Truck,Furniture,Clear,4125.12,6,4.0,On-Time,0.536042615344961,0.9306393117699154,0.46906500636541937
SC10101,2025-03-04,Mumbai,Hyderabad,160.6,518.06,Heavy Truck,Electronics,Rain,3963.53,5,3.0,On-Time,0.13351662513961682,0.5454075823388015,0.4499905861438662
SC10102,2025-05-19,Delhi,Chennai,657.1,628.56,Van,Furniture,Fog,376.19,6,6.0,On-Time,0.5600996649196667,0.6619048623118121,0.026533499457891734
SC10103,2025-03-22,Chennai,Mumbai,520.8,858.16,Mini Truck,Furniture,Clear,1222.99,1,4.0,Delayed,0.44299338431136703,0.9039661788892169,0.12649153549732015
SC10104,2025-06-12,Chennai,Mumbai,338.1,94.07,Heavy Truck,Pharma,Clear,5377.15,5,3.0,On-Time,0.28602113583641214,0.09840593767131953,0.6168572357731255
SC10105,2025-10-16,Chennai,Hyderabad,369.1,220.86,Mini Truck,Apparel,Clear,5642.52,6,4.0,On-Time,0.3126557264369792,0.23207734154261378,0.6481820633874184
SC10106,2025-09-18,Chennai,Mumbai,209.0,673.6,Bike,Groceries,Clear,4715.57,7,3.0,On-Time,0.17510095369017958,0.7093893644836167,0.5387629543808663
SC10107,2025-08-19,Hyderabad,Hyderabad,602.9,782.65,Mini Truck,Groceries,Clear,5539.3,1,6.0,Delayed,0.513532090385772,0.8243579471176149,0.6359977595612613
SC10108,2025-02-10,Mumbai,Bengaluru,412.7,814.25,Van,Groceries,Rain,1940.97,1,4.0,Delayed,0.35011598934616384,0.8576730063678152,0.21124339038110476
SC10109,2025-01-28,Bengaluru,Delhi,260.1,394.64,Van,Apparel,Fog,1599.11,1,4.0,Delayed,0.21900506916401757,0.4152890819381774,0.17088952382413852
SC10110,2025-05-15,Hyderabad,Bengaluru,478.9,85.33,Mini Truck,Electronics,Fog,2398.16,5,6.0,Delayed,0.4069937279835038,0.0891915826761692,0.2652110503915751
SC10111,2025-07-20,Hyderabad,Hyderabad,796.6,416.17,Van,Groceries,Clear,473.75,6,5.0,On-Time,0.6799553226222185,0.4379876017374436,0.03804968509323259
SC10112,2025-11-24,Bengaluru,Hyderabad,351.0,219.58,Van,Electronics,Rain,4887.75,6,3.0,On-Time,0.29710456224761583,0.23072787078817528,0.5590874402633284
SC10113,2025-09-25,Bengaluru,Bengaluru,736.9,276.99,Bike,Apparel,Rain,5907.43,4,6.0,Delayed,0.628662256207578,0.2912537426727955,0.6794525916434468
SC10114,2025-02-02,Chennai,Chennai,279.3,733.77,Heavy Truck,Apparel,Clear,4970.57,1,5.0,Delayed,0.23550133172953006,0.7728250326824949,0.5688636855925506
SC10115,2025-02-17,Hyderabad,Chennai,48.5,72.21,Van,Pharma,Clear,3396.61,3,1.0,On-Time,0.037202508806598505,0.07535950744317463,0.383070168345717
SC10116,2025-03-03,Delhi,Chennai,167.4,786.29,Heavy Truck,Groceries,Clear,1877.4,2,3.0,Delayed,0.1393590514649025,0.8281955045755494,0.20373945515315667
SC10117,2025-08-04,Bengaluru,Hyderabad,337.9,406.57,Mini Truck,Pharma,Rain,1306.53,7,4.0,On-Time,0.28584929976802137,0.42786657107915493,0.1363527711264343
SC10118,2025-10-20,Bengaluru,Mumbai,179.6,566.46,Mini Truck,Groceries,Clear,2279.77,7,2.0,On-Time,0.14984105163673855,0.5964344452410072,0.2512360481635308
SC10119,2025-04-09,Mumbai,Hyderabad,5.2,85.62,Van,Apparel,Rain,4051.77,4,4.0,On-Time,0.0,0.08949732214397167,0.46040661956394074
SC10120,2025-06-21,Delhi,Mumbai,398.2,457.015,Mini Truck,Apparel,Clear,3093.86,4,6.0,Delayed,0.33765787438783407,0.4810494243663813,0.3473329276620408
SC10121,2025-12-26,Delhi,Bengaluru,675.9,85.67,Bike,Furniture,Storm,5614.25,5,7.0,Delayed,0.5762522553483976,0.08955003584531691,0.6448450136958327
SC10122,2025-08-02,Bengaluru,Delhi,595.1,913.49,Van,Furniture,Clear,5147.19,4,6.0,Delayed,0.5068304837185326,0.9622991607978747,0.5897122783243454
SC10123,2025-02-04,Chennai,Mumbai,138.4,766.99,Van,Apparel,Rain,749.04,6,4.0,On-Time,0.114442821548243,0.8078480158562815,0.07054549017270148
SC10124,2025-08-15,Mumbai,Chennai,100.7,436.92,Van,Apparel,Clear,919.42,5,3.0,On-Time,0.08205172265658564,0.4598637877957239,0.09065750030543387
SC10125,2025-04-11,Delhi,Hyderabad,58.7,212.81,Mini Truck,Electronics,Clear,4106.0,5,3.0,On-Time,0.045966148294527026,0.22359043562602793,0.46680804173495893
SC10126,2025-05-11,Bengaluru,Bengaluru,580.6,886.82,Mini Truck,Electronics,Rain,1500.0,7,5.0,On-Time,0.4943723687602029,0.9341816725003165,0.1591903729598639
SC10127,2025-09-14,Delhi,Chennai,743.4,327.69,Van,Pharma,Storm,4777.52,7,9.0,Delayed,0.6342469284302775,0.34470543583688273,0.546075661434058
SC10128,2025-01-05,Mumbai,Bengaluru,347.3,153.35,Heavy Truck,Furniture,Clear,3609.45,3,3.0,On-Time,0.2939255949823869,0.16090330198625227,0.40819424533040277
SC10129,2025-08-06,Mumbai,Delhi,99.7,535.22,Mini Truck,Furniture,Clear,1494.51,1,2.0,Delayed,0.08119254231463185,0.5634989246404927,0.15854232192318884
SC10130,2025-09-12,Hyderabad,Hyderabad,412.4,896.61,Mini Truck,Apparel,Clear,2950.32,4,3.0,On-Time,0.3498582352435777,0.944503015223717,0.33038916704194216
SC10131,2025-12-25,Bengaluru,Hyderabad,282.3,4.14,Van,Apparel,Clear,2525.55,1,3.0,Delayed,0.23807887275539139,0.0035950744317462995,0.28024843136826716
SC10132,2025-10-10,Mumbai,Delhi,303.0,226.6,Heavy Truck,Pharma,Clear,5257.98,1,3.0,Delayed,0.25586390583383456,0.2381288744570489,0.6027901607201983
SC10133,2025-07-26,Hyderabad,Hyderabad,499.0,891.56,Van,Furniture,Rain,338.15,1,5.0,Delayed,0.42426325285677474,0.9391789313878464,0.022043178613607536
SC10134,2025-01-15,Hyderabad,Mumbai,576.4,162.95,Mini Truck,Electronics,Fog,5390.69,5,6.0,Delayed,0.490763811323997,0.17102433264454098,0.6184555255794243
SC10135,2025-12-12,Delhi,Bengaluru,92.9,108.02,Van,Groceries,Clear,3964.68,1,2.0,Delayed,0.07535011598934618,0.1131130603466453,0.4501263345395267
SC10136,2025-02-11,Delhi,Chennai,33.3,541.89,Van,Pharma,Clear,4464.6,4,3.0,On-Time,0.02414296760890111,0.5705309323999495,0.5091379327644099
SC10137,2025-06-28,Hyderabad,Delhi,795.5,818.82,Van,Groceries,Clear,165.25,5,5.0,On-Time,0.6790102242460694,0.8624910386707715,0.001633702431253766
SC10138,2025-03-04,Delhi,Mumbai,190.0,453.52,Heavy Truck,Electronics,Clear,3825.2,4,4.0,On-Time,0.15877652719305785,0.4773647366423481,0.4336618247771513
SC10139,2025-12-18,Mumbai,Chennai,47.8,944.84,Van,Electronics,Clear,3592.64,5,2.0,On-Time,0.036601082567230867,0.9953506515413488,0.40620995791209524
SC10140,2025-08-19,Chennai,Chennai,156.0,645.37,Mini Truck,Groceries,Clear,3292.65,2,4.0,Delayed,0.12956439556662944,0.6796272087040864,0.37079851337800446
SC10141,2025-08-29,Mumbai,Delhi,36.0,70.83,Van,Pharma,Clear,4747.32,2,2.0,On-Time,0.026462754532176308,0.07390460928604563,0.542510790521929
SC10142,2025-02-21,Hyderabad,Mumbai,316.5,943.19,Heavy Truck,Groceries,Clear,3401.85,2,4.0,Delayed,0.26746284045021057,0.9936110993969555,0.3836887088615963
SC10143,2025-04-06,Hyderabad,Chennai,642.9,387.8,Bike,Pharma,Clear,5164.02,2,5.0,Delayed,0.5478993040639231,0.4080778475941467,0.5916989265843167
SC10144,2025-08-10,Mumbai,Chennai,276.3,273.39,Heavy Truck,Pharma,Clear,1510.89,5,3.0,On-Time,0.23292379070366873,0.28745835617593724,0.16047585124572764
SC10145,2025-08-19,Delhi,Mumbai,358.1,530.21,Van,Apparel,Clear,4865.0,1,3.0,Delayed,0.3032047426754877,0.5582170117656983,0.5564019828709134
SC10146,2025-08-25,Delhi,Hyderabad,542.1,289.44,Bike,Furniture,Fog,1198.98,3,5.0,Delayed,0.4612939255949825,0.3043794543077637,0.12365734508009452
SC10147,2025-05-23,Chennai,Chennai,409.6,82.59,Van,Furniture,Rain,4906.74,7,4.0,On-Time,0.3474525302861072,0.0863028718424493,0.5613290594229748
SC10148,2025-06-20,Bengaluru,Bengaluru,689.8,1.86,Heavy Truck,Electronics,Fog,5651.71,6,7.0,Delayed,0.5881948621015551,0.001191329650402733,0.6492668701318708
SC10149,2025-01-29,Delhi,Mumbai,693.5,427.38,Van,Apparel,Clear,2113.81,3,4.0,Delayed,0.5913738293667842,0.4498060135790495,0.23164578403846756
SC10150,2025-02-05,Mumbai,Chennai,12.9,795.1,Bike,Furniture,Clear,3249.83,2,3.0,Delayed,0.006615688633044077,0.8374836587525831,0.3657439513761051
SC10151,2025-01-13,Delhi,Delhi,623.5,543.91,Van,Pharma,Clear,4001.22,1,5.0,Delayed,0.5312312054300198,0.5726605659342977,0.4544395922590363
SC10152,2025-06-09,Mumbai,Bengaluru,371.3,949.25,Van,Pharma,Clear,614.91,4,5.0,Delayed,0.3145459231892775,1.0,0.05471250555535554
SC10153,2025-11-23,Hyderabad,Chennai,791.1,272.86,Heavy Truck,Groceries,Rain,3040.37,1,7.0,Delayed,0.6752298307414727,0.2868995909416776,0.3410188566325781
SC10154,2025-07-06,Delhi,Bengaluru,389.2,266.79,Van,Groceries,Clear,2259.42,4,4.0,On-Time,0.3299252513102501,0.2805001475983638,0.24883389177075518
SC10155,2025-08-31,Mumbai,Bengaluru,789.6,152.18,Bike,Pharma,Clear,5253.87,3,6.0,Delayed,0.673941060228542,0.15966980137477335,0.602305007758316
SC10156,2025-03-27,Hyderabad,Hyderabad,604.9,156.28,Mini Truck,Pharma,Clear,5278.58,1,5.0,Delayed,0.5152504510696796,0.16399232488508414,0.6052218276337697
SC10157,2025-10-11,Bengaluru,Bengaluru,202.6,271.28,Mini Truck,Groceries,Clear,4249.56,1,3.0,Delayed,0.1696021995016754,0.2852338379791675,0.4837541631967214
SC10158,2025-03-07,Mumbai,Hyderabad,433.0,753.3,Heavy Truck,Furniture,Storm,3985.99,6,6.0,On-Time,0.3675573502878255,0.793415004427951,0.45264181133215803
SC10159,2025-06-19,Bengaluru,Mumbai,793.7,860.52,Van,Electronics,Clear,4442.08,3,6.0,Delayed,0.6774636996305525,0.9064542655927129,0.506479625051127
SC10160,2025-02-14,Bengaluru,Hyderabad,686.7,926.35,Heavy Truck,Groceries,Rain,2291.02,1,6.0,Delayed,0.5855314030414985,0.975857124783874,0.2525640215993404
SC10161,2025-03-03,Chennai,Delhi,82.4,221.06,Mini Truck,Furniture,Clear,2516.44,4,2.0,On-Time,0.06632872239883153,0.23228819634799477,0.2791730679904693
SC10162,2025-05-14,Delhi,Chennai,566.6,837.29,Mini Truck,Furniture,Storm,3389.17,7,8.0,Delayed,0.48234384397285,0.8819634799477081,0.38219193524683487
SC10163,2025-10-11,Mumbai,Mumbai,279.7,312.18,Van,Furniture,Clear,5637.46,1,3.0,Delayed,0.23584500386631155,0.3283536456795851,0.647584770446512
SC10164,2025-01-28,Bengaluru,Mumbai,10.6,107.64,Bike,Apparel,Rain,4385.4,4,3.0,On-Time,0.0046395738465503916,0.11271243621642138,0.4997889997763102
SC10165,2025-04-18,Chennai,Delhi,325.8,826.59,Van,Apparel,Clear,3373.29,2,4.0,Delayed,0.27545321763038066,0.8706827478598239,0.3803174269658876
SC10166,2025-02-13,Hyderabad,Hyderabad,191.6,604.48,Mini Truck,Furniture,Rain,4656.92,1,3.0,Delayed,0.16015121574018387,0.636517943743938,0.531839786202179
SC10167,2025-12-06,Mumbai,Chennai,656.0,156.91,Bike,Pharma,Clear,2319.71,4,6.0,Delayed,0.5591545665435176,0.16465651752203433,0.25595064896586284
SC10168,2025-10-13,Bengaluru,Hyderabad,273.2,408.62,Heavy Truck,Apparel,Clear,4423.23,7,3.0,On-Time,0.230260331643612,0.43002783283431034,0.504254531783126
SC10169,2025-11-27,Chennai,Bengaluru,662.9,273.25,Mini Truck,Groceries,Fog,2552.46,3,6.0,Delayed,0.5650829109029986,0.2873107578121706,0.2834249438267237
SC10170,2025-05-08,Chennai,Hyderabad,5.5,700.09,Heavy Truck,Apparel,Storm,1786.02,2,3.0,Delayed,0.00025775410258613296,0.7373170834563321,0.1929527695918872
SC10171,2025-12-14,Bengaluru,Mumbai,249.7,431.02,Bike,Pharma,Clear,3716.89,1,2.0,Delayed,0.21006959360769828,0.45364357103698394,0.4208766867475924
SC10172,2025-08-19,Delhi,Chennai,196.7,939.82,Heavy Truck,Electronics,Rain,4168.23,6,4.0,On-Time,0.16453303548414813,0.9900581959262853,0.4741538005714417
SC10173,2025-07-09,Bengaluru,Hyderabad,190.7,52.48,Mini Truck,Apparel,Clear,2836.87,4,3.0,On-Time,0.15937795343242547,0.054558680892337535,0.3169972927048222
SC10174,2025-08-13,Mumbai,Chennai,59.2,337.59,Van,Furniture,Rain,3458.18,7,4.0,On-Time,0.04639573846550392,0.3551427487032429,0.3903380194072989
SC10175,2025-10-10,Mumbai,Chennai,153.8,458.06,Heavy Truck,Furniture,Rain,4210.29,6,3.0,On-Time,0.12767419881433115,0.48215114072449716,0.47911865059012193
SC10176,2025-05-01,Mumbai,Bengaluru,446.7,478.23,Mini Truck,Furniture,Clear,4641.1,1,5.0,Delayed,0.3793281209725922,0.5034158478471725,0.5299723604462228
SC10177,2025-04-26,Chennai,Bengaluru,236.6,300.48,Mini Truck,Electronics,Fog,5389.09,4,5.0,Delayed,0.19881433112810382,0.3160186395647957,0.6182666582463314
SC10178,2025-08-21,Mumbai,Mumbai,336.8,692.91,Bike,Pharma,Rain,2224.08,1,4.0,Delayed,0.2849042013918722,0.7297473959431536,0.24466228455106528
SC10179,2025-09-16,Delhi,Delhi,304.6,831.07,Mini Truck,Groceries,Clear,5716.14,2,4.0,Delayed,0.25723859438096064,0.8754058955003586,0.6568723215513563
SC10180,2025-12-25,Bengaluru,Chennai,701.3,891.81,Van,Pharma,Rain,3878.09,7,7.0,On-Time,0.5980754360340236,0.9394424998945726,0.4399050705567042
SC10181,2025-07-17,Hyderabad,Delhi,724.7,764.94,Van,Electronics,Clear,4758.06,7,7.0,On-Time,0.618180256035742,0.8056867541011261,0.5437785624953153
SC10182,2025-05-17,Delhi,Mumbai,396.9,808.13,Heavy Truck,Furniture,Rain,4243.65,2,6.0,Delayed,0.33654093994329415,0.8512208493231562,0.4830565344851093
SC10183,2025-11-14,Delhi,Chennai,267.5,523.24,Heavy Truck,Pharma,Rain,1352.59,1,5.0,Delayed,0.2253630036944755,0.5508687217981699,0.14178978947784673
SC10184,2025-06-14,Mumbai,Chennai,89.9,784.68,Heavy Truck,Groceries,Clear,567.91,1,1.0,On-Time,0.07277257496348485,0.8264981233922322,0.04916452764575099
SC10185,2025-08-13,Chennai,Delhi,763.0,288.68,Heavy Truck,Furniture,Rain,4398.78,5,7.0,Delayed,0.6510868631325716,0.30357820604731584,0.5013684028492998
SC10186,2025-11-03,Bengaluru,Hyderabad,398.2,457.015,Van,Groceries,Clear,3093.86,1,1.0,On-Time,0.33765787438783407,0.4810494243663813,0.3473329276620408
SC10187,2025-08-22,Chennai,Bengaluru,241.6,301.41,Bike,Apparel,Clear,4257.95,7,3.0,On-Time,0.2031102328378727,0.31699911440981743,0.4847445362746273
SC10188,2025-06-21,Bengaluru,Hyderabad,242.0,444.28,Heavy Truck,Groceries,Clear,2939.53,1,3.0,Delayed,0.2034539049746542,0.4676232446337452,0.3291154929643968
SC10189,2025-06-01,Bengaluru,Delhi,259.7,271.66,Bike,Furniture,Clear,1976.57,6,2.0,On-Time,0.21866139702723603,0.28563446210939153,0.21544568854242224
SC10190,2025-11-11,Chennai,Bengaluru,135.6,913.55,Mini Truck,Apparel,Rain,1817.35,6,3.0,On-Time,0.11203711659077242,0.9623624172394889,0.19665102805801296
SC10191,2025-06-09,Delhi,Hyderabad,627.6,297.55,Mini Truck,Furniture,Clear,4423.61,2,4.0,Delayed,0.5347538448320304,0.31292961666596386,0.5042993877747356
SC10192,2025-04-06,Bengaluru,Bengaluru,398.2,457.015,Heavy Truck,Furniture,Clear,3093.86,6,1.0,On-Time,0.33765787438783407,0.4810494243663813,0.3473329276620408
SC10193,2025-08-21,Chennai,Chennai,509.8,500.71,Mini Truck,Apparel,Rain,4330.86,1,5.0,Delayed,0.43354240054987553,0.5271159279719986,0.4933509845595053
SC10194,2025-06-29,Bengaluru,Hyderabad,103.5,54.72,Van,Groceries,Clear,2396.17,3,2.0,On-Time,0.08445742761405621,0.0569202547126049,0.2649761466460408
SC10195,2025-04-23,Hyderabad,Bengaluru,61.1,105.46,Bike,Electronics,Clear,4659.76,1,2.0,Delayed,0.04802818111521609,0.1104141188377683,0.5321750257184189
SC10196,2025-11-14,Delhi,Bengaluru,728.0,208.81,Mini Truck,Electronics,Clear,985.44,7,5.0,On-Time,0.6210155511641894,0.21937333951840765,0.09845063863718054
SC10197,2025-02-21,Mumbai,Bengaluru,156.2,441.4,Heavy Truck,Electronics,Rain,1349.13,5,4.0,On-Time,0.12973623163502018,0.4645869354362586,0.1413813638700333
SC10198,2025-09-25,Bengaluru,Hyderabad,657.9,411.87,Bike,Electronics,Clear,4162.58,4,5.0,Delayed,0.5607870091932297,0.4334542234217518,0.47348686280145735
SC10199,2025-10-22,Hyderabad,Mumbai,438.0,759.81,Bike,Pharma,Clear,3427.35,7,5.0,On-Time,0.3718532519975944,0.800278328343103,0.3866987819827647
SC10200,2025-04-23,Mumbai,Hyderabad,66.9,702.63,Van,Electronics,Clear,1342.69,2,2.0,On-Time,0.053011427098548,0.739994939484671,0.14062117285433431
SC10201,2025-04-11,Mumbai,Delhi,764.6,405.29,Heavy Truck,Apparel,Rain,5431.54,6,8.0,Delayed,0.6524615516796977,0.42651710032471646,0.623277544677453
SC10202,2025-04-23,Bengaluru,Hyderabad,201.3,317.35,Van,Electronics,Clear,1764.27,3,3.0,On-Time,0.1684852650571355,0.3338042423986843,0.1903853542826553
SC10203,2025-03-22,Chennai,Bengaluru,688.4,300.99,Mini Truck,Furniture,Storm,2613.27,7,8.0,Delayed,0.5869920096228198,0.3165563193185173,0.2906030829050865
SC10204,2025-07-06,Bengaluru,Chennai,139.2,735.41,Mini Truck,Electronics,Rain,1333.38,4,3.0,On-Time,0.115130165821806,0.7745540420866193,0.13952220105989988
SC10205,2025-04-23,Hyderabad,Hyderabad,683.9,49.94,Van,Groceries,Fog,2419.96,3,6.0,Delayed,0.5831256980840279,0.05188082486399865,0.2677843678049662
SC10206,2025-01-02,Mumbai,Hyderabad,15.5,12.67,Heavy Truck,Apparel,Clear,3026.13,2,1.0,On-Time,0.008849557522123895,0.012588031881246575,0.3393379373680511
SC10207,2025-05-10,Bengaluru,Bengaluru,411.9,755.87,Bike,Apparel,Clear,1877.2,6,6.0,On-Time,0.3494286450726008,0.7961244886770971,0.20371584673652005
SC10208,2025-08-08,Chennai,Chennai,616.7,453.55,Mini Truck,Pharma,Fog,4649.2,5,6.0,Delayed,0.5253887791047341,0.4773963648631553,0.5309285013200056
SC10209,2025-02-23,Bengaluru,Chennai,748.2,124.77,Heavy Truck,Furniture,Clear,2454.51,7,5.0,On-Time,0.6383709940716558,0.13077215029730527,0.27186272177894144
SC10210,2025-12-09,Delhi,Delhi,727.8,224.17,Heavy Truck,Apparel,Clear,4417.63,7,6.0,On-Time,0.6208437150957986,0.23556698857166955,0.5035934961173009
SC10211,2025-08-12,Chennai,Hyderabad,656.6,885.91,Mini Truck,Groceries,Clear,1361.37,7,6.0,On-Time,0.5596700747486898,0.9332222831358328,0.14282619896819412
SC10212,2025-08-13,Hyderabad,Chennai,711.1,816.6,Mini Truck,Electronics,Storm,2355.66,2,8.0,Delayed,0.6064954033851706,0.8601505503310422,0.2601942618562944
SC10213,2025-05-06,Chennai,Chennai,163.4,674.44,Heavy Truck,Apparel,Rain,197.14,3,3.0,On-Time,0.1359223300970874,0.710274954666217,0.005398064463962047
SC10214,2025-05-10,Bengaluru,Mumbai,230.9,458.37,Bike,Groceries,Clear,4588.03,3,3.0,On-Time,0.1939170031789673,0.48247796567283774,0.5237078670916968
SC10215,2025-02-22,Chennai,Mumbai,234.7,494.55,Van,Electronics,Rain,3811.44,2,4.0,Delayed,0.19718188847839163,0.5206215999662633,0.4320375657125522
SC10216,2025-06-21,Delhi,Chennai,304.8,926.49,Mini Truck,Pharma,Clear,4934.27,7,4.0,On-Time,0.2574104304493514,0.9760047231476406,0.564578757973005
SC10217,2025-08-06,Chennai,Delhi,317.7,917.5,Van,Apparel,Rain,2815.32,1,4.0,Delayed,0.2684938568605551,0.966526799645764,0.314453485812227
SC10218,2025-06-09,Delhi,Chennai,437.9,204.9,Heavy Truck,Apparel,Clear,4828.48,2,3.0,Delayed,0.371767333963399,0.21525112807320881,0.5520910859930673
SC10219,2025-07-17,Hyderabad,Bengaluru,132.1,770.64,Van,Groceries,Rain,3938.36,6,1.0,On-Time,0.1090299853939342,0.811696116054485,0.44701946691014816
SC10220,2025-09-04,Mumbai,Hyderabad,554.5,187.78,Bike,Furniture,Clear,171.14,6,4.0,On-Time,0.4719477618352093,0.19720195673259394,0.0023289703012020803
SC10221,2025-11-20,Hyderabad,Delhi,138.2,203.25,Heavy Truck,Pharma,Clear,1634.11,5,2.0,On-Time,0.11427098547985223,0.21351157592881542,0.17502099673554616
SC10222,2025-07-22,Bengaluru,Bengaluru,251.7,642.45,Bike,Furniture,Clear,3039.26,2,3.0,Delayed,0.21178795429160582,0.6765487285455237,0.3408878299202449
SC10223,2025-07-03,Chennai,Delhi,405.2,385.05,Heavy Truck,Apparel,Clear,3769.32,4,4.0,On-Time,0.3436721367815105,0.40517859402015777,0.4270656331688811
SC10224,2025-05-03,Delhi,Bengaluru,638.2,885.0,Bike,Furniture,Rain,533.71,6,8.0,Delayed,0.5438611564567404,0.9322628937713492,0.04512748840088981
SC10225,2025-09-12,Delhi,Hyderabad,592.9,85.01,Heavy Truck,Electronics,Clear,4274.72,6,5.0,On-Time,0.5049402869662343,0.08885421498755958,0.4867241020096075
SC10226,2025-10-21,Chennai,Hyderabad,518.2,486.19,Bike,Pharma,Clear,3329.69,6,4.0,On-Time,0.44075951542228725,0.5118078691013369,0.37517079213910554
SC10227,2025-10-07,Chennai,Mumbai,128.8,872.64,Heavy Truck,Furniture,Clear,3225.81,1,3.0,Delayed,0.10619469026548675,0.9192320667988024,0.36290858053804764
SC10228,2025-11-21,Bengaluru,Bengaluru,439.9,858.96,Bike,Electronics,Clear,1858.47,4,5.0,Delayed,0.3734856946473065,0.9048095981107411,0.20150491851850102
SC10229,2025-04-08,Hyderabad,Mumbai,74.5,149.12,Heavy Truck,Groceries,Clear,3629.72,7,1.0,On-Time,0.0595411976973967,0.15644372285244382,0.4105869583565237
SC10230,2025-07-17,Delhi,Bengaluru,305.0,348.62,Van,Furniture,Clear,310.83,7,3.0,On-Time,0.25758226651774213,0.3667713912200059,0.01881826890104591
SC10231,2025-08-28,Bengaluru,Mumbai,398.2,457.015,Mini Truck,Pharma,Clear,3093.86,2,4.0,Delayed,0.33765787438783407,0.4810494243663813,0.3473329276620408
SC10232,2025-05-24,Hyderabad,Hyderabad,36.7,151.85,Van,Electronics,Clear,4443.14,1,2.0,Delayed,0.02706418077154395,0.15932189094589466,0.5066047496593011
SC10233,2025-04-07,Bengaluru,Delhi,222.8,919.64,Heavy Truck,Furniture,Clear,2033.06,6,2.0,On-Time,0.1869576424091417,0.9687829460633409,0.22211388582143418
SC10234,2025-07-20,Delhi,Mumbai,764.7,869.05,Bike,Groceries,Fog,2179.76,7,8.0,Delayed,0.6525474697138931,0.9154472230422132,0.23943065942439143
SC10235,2025-05-04,Chennai,Bengaluru,763.1,159.02,Mini Truck,Furniture,Rain,1369.05,4,7.0,Delayed,0.651172781166767,0.16688103571880405,0.14373276216704017
SC10236,2025-07-06,Chennai,Bengaluru,285.1,115.54,Heavy Truck,Electronics,Clear,2756.88,7,4.0,On-Time,0.24048457771286197,0.12104120102897147,0.30755510647100803
SC10237,2025-11-22,Hyderabad,Hyderabad,39.3,81.6,Heavy Truck,Furniture,Rain,454.16,4,1.0,On-Time,0.029298049660623767,0.08525914055581327,0.03573724068367614
SC10238,2025-12-15,Mumbai,Bengaluru,147.4,864.02,Heavy Truck,Pharma,Rain,1907.12,1,3.0,Delayed,0.12217544462582698,0.9101442246868807,0.20724766586535764
SC10239,2025-09-16,Hyderabad,Chennai,316.8,184.35,Van,Apparel,Clear,3233.67,7,3.0,On-Time,0.26772059455279673,0.19358579682030955,0.3638363913118666
SC10240,2025-05-28,Mumbai,Delhi,758.5,395.76,Bike,Electronics,Rain,2873.95,6,7.0,Delayed,0.6472205515937796,0.41646986884831105,0.32137429314925064
SC10241,2025-09-09,Bengaluru,Mumbai,117.3,426.68,Bike,Electronics,Clear,5998.07,1,2.0,Delayed,0.09631411633301831,0.44906802176021593,0.6901519260631608
SC10242,2025-12-12,Bengaluru,Delhi,612.0,569.26,Heavy Truck,Electronics,Rain,2424.27,3,5.0,Delayed,0.5213506314975513,0.5993864125163413,0.26829312918348525
SC10243,2025-05-27,Delhi,Hyderabad,91.4,68.61,Heavy Truck,Electronics,Clear,2413.94,6,2.0,On-Time,0.07406134547641552,0.07156412094631637,0.26707375446420406
SC10244,2025-05-28,Mumbai,Mumbai,785.1,215.81,Heavy Truck,Furniture,Clear,3095.95,1,5.0,Delayed,0.67007474868975,0.22675325770674315,0.34757963561589345
SC10245,2025-12-18,Delhi,Mumbai,308.4,884.95,Mini Truck,Pharma,Clear,1263.27,2,4.0,Delayed,0.26050347968038495,0.932210180070004,0.13124627060793442
SC10246,2025-07-18,Chennai,Chennai,621.3,863.04,Heavy Truck,Groceries,Storm,5276.38,7,7.0,On-Time,0.5293410086777215,0.9091110361405137,0.604962135050767
SC10247,2025-11-04,Mumbai,Hyderabad,277.4,742.34,Van,Pharma,Rain,3497.77,6,4.0,On-Time,0.23386888907981787,0.7818601610930714,0.3950113054805169
SC10248,2025-05-08,Hyderabad,Bengaluru,504.0,18.92,Bike,Electronics,Clear,1273.83,5,5.0,On-Time,0.4285591545665436,0.019177244549403286,0.1324927950063477
SC10249,2025-02-08,Chennai,Chennai,157.7,310.99,Van,Furniture,Clear,4791.63,6,4.0,On-Time,0.13102500214795085,0.327099059587568,0.5477412352277711
SC10250,2025-12-04,Chennai,Chennai,121.1,596.75,Heavy Truck,Furniture,Clear,350.84,3,3.0,On-Time,0.09957900163244267,0.6283684055159618,0.023541132649200762
SC10251,2025-12-26,Hyderabad,Delhi,750.8,261.79,Mini Truck,Electronics,Clear,5898.0,1,5.0,Delayed,0.6406048629607355,0.27522877746383845,0.6783394547990305
SC10252,2025-05-09,Chennai,Delhi,734.5,864.15,Heavy Truck,Furniture,Clear,5211.12,5,7.0,Delayed,0.626600223386889,0.9102812803103784,0.5972587087022394
SC10253,2025-09-24,Mumbai,Delhi,710.5,602.38,Heavy Truck,Electronics,Clear,3540.89,3,5.0,Delayed,0.6059798951799984,0.6343039682874374,0.4001012801073711
SC10254,2025-05-31,Delhi,Chennai,502.2,68.78,Heavy Truck,Pharma,Fog,801.08,2,5.0,Delayed,0.4270126299510268,0.07174334753089023,0.07668840018154874
SC10255,2025-10-25,Chennai,Bengaluru,647.6,863.6,Heavy Truck,Apparel,Rain,1409.35,6,6.0,On-Time,0.5519374516711059,0.9097014295955806,0.1484898581193181
SC10256,2025-04-09,Mumbai,Mumbai,59.9,909.9,Heavy Truck,Furniture,Clear,1784.7,7,3.0,On-Time,0.04699716470487156,0.9585143170412854,0.19279695404208555
SC10257,2025-09-20,Bengaluru,Delhi,271.2,74.29,Bike,Electronics,Clear,1560.04,5,3.0,On-Time,0.22854197095970447,0.07755239741913719,0.16627761963417578
SC10258,2025-09-09,Mumbai,Bengaluru,254.4,505.98,Van,Electronics,Fog,3060.49,7,5.0,On-Time,0.21410774121488105,0.5326719520937884,0.3433938633462216
SC10259,2025-05-24,Delhi,Hyderabad,510.3,288.54,Mini Truck,Furniture,Rain,5675.68,1,5.0,Delayed,0.4339719907208524,0.3034306076835491,0.6520963388657691
SC10260,2025-12-12,Mumbai,Delhi,288.0,373.5,Heavy Truck,Groceries,Rain,2748.41,1,5.0,Delayed,0.2429762007045279,0.39300172900940417,0.3065552900264473
SC10261,2025-04-22,Hyderabad,Mumbai,123.1,171.08,Mini Truck,Electronics,Storm,4020.15,2,4.0,Delayed,0.10129736231635021,0.17959558048327923,0.4566741288936919
SC10262,2025-03-01,Delhi,Hyderabad,479.2,549.38,Bike,Furniture,Rain,4178.21,3,5.0,Delayed,0.40725148208608997,0.5784274448614685,0.47533186056160887
SC10263,2025-01-02,Bengaluru,Hyderabad,652.4,910.1,Van,Electronics,Clear,5248.75,5,6.0,Delayed,0.5560615173124839,0.9587251718466665,0.6017006322924185
SC10264,2025-10-31,Hyderabad,Mumbai,308.8,478.17,Heavy Truck,Groceries,Clear,347.85,2,4.0,Delayed,0.2608471518171665,0.5033525914055582,0.023188186820483375
SC10265,2025-09-11,Mumbai,Delhi,110.2,79.23,Bike,Apparel,Storm,2515.33,3,4.0,Delayed,0.09021393590514651,0.08276051111204825,0.2790420412781361
SC10266,2025-05-20,Delhi,Chennai,161.4,589.19,Bike,Groceries,Clear,4740.7,4,3.0,On-Time,0.13420396941317983,0.6203980938725595,0.541729351931257
SC10267,2025-02-06,Bengaluru,Mumbai,193.8,323.54,Van,Pharma,Clear,4916.97,4,1.0,On-Time,0.1620414124924822,0.34033019862522673,0.5625366299339378
SC10268,2025-06-09,Hyderabad,Mumbai,243.4,813.2,Heavy Truck,Furniture,Clear,5574.9,3,3.0,On-Time,0.2046567574533895,0.8565660186395649,0.6402000577225787
SC10269,2025-01-09,Bengaluru,Mumbai,516.0,413.23,Van,Groceries,Rain,4261.35,1,5.0,Delayed,0.4388693186699889,0.4348880360983427,0.4851458793574498
SC10270,2025-08-21,Mumbai,Hyderabad,482.8,183.6,Van,Apparel,Storm,1584.15,1,5.0,Delayed,0.41034453131712356,0.19279509130013073,0.16912361425971975
SC10271,2025-04-09,Bengaluru,Bengaluru,558.4,181.95,Mini Truck,Electronics,Clear,3108.14,4,4.0,On-Time,0.475298565168829,0.19105553915573736,0.3490185686098951
SC10272,2025-05-27,Chennai,Chennai,293.2,730.44,Mini Truck,Furniture,Clear,339.22,1,2.0,Delayed,0.24744393848268756,0.7693143001729011,0.02216948364261343
SC10273,2025-10-31,Hyderabad,Delhi,660.1,252.68,Van,Groceries,Fog,3934.53,7,6.0,On-Time,0.5626772059455281,0.26562434107873323,0.44656736573155703
SC10274,2025-07-27,Bengaluru,Delhi,167.2,728.99,Mini Truck,Apparel,Clear,3392.63,1,4.0,Delayed,0.13918721539651174,0.7677856028338887,0.3826003608546483
SC10275,2025-05-11,Mumbai,Bengaluru,398.2,457.015,Bike,Groceries,Clear,3093.86,3,2.0,On-Time,0.33765787438783407,0.4810494243663813,0.3473329276620408
SC10276,2025-06-01,Chennai,Mumbai,641.7,305.94,Van,Pharma,Fog,5591.32,6,7.0,Delayed,0.5468682876535785,0.3217749757516974,0.6421383087284448
SC10277,2025-02-23,Bengaluru,Chennai,148.2,442.48,Heavy Truck,Furniture,Clear,4170.57,3,3.0,On-Time,0.12286278889939,0.4657255513853161,0.4744300190460901
SC10278,2025-04-30,Mumbai,Delhi,92.3,896.06,Heavy Truck,Electronics,Clear,2024.63,1,4.0,Delayed,0.07483460778417392,0.9439231645089192,0.22111879106020088
SC10279,2025-06-10,Delhi,Delhi,707.5,885.18,Bike,Apparel,Rain,1312.61,3,7.0,Delayed,0.603402354154137,0.932452663096192,0.13707046699218736
SC10280,2025-04-26,Delhi,Mumbai,277.6,196.92,Heavy Truck,Groceries,Clear,5149.62,5,3.0,On-Time,0.23404072514820864,0.2068380213385063,0.5899991205864803
SC10281,2025-03-16,Delhi,Bengaluru,548.7,340.63,Heavy Truck,Furniture,Fog,1286.84,4,6.0,Delayed,0.4669645158518774,0.35834774174503436,0.1340285225085595
SC10282,2025-04-23,Chennai,Chennai,398.2,457.015,Van,Groceries,Clear,3093.86,6,1.0,On-Time,0.33765787438783407,0.4810494243663813,0.3473329276620408
SC10283,2025-04-14,Bengaluru,Bengaluru,553.6,484.73,Bike,Furniture,Clear,1358.68,5,5.0,On-Time,0.47117449952745094,0.5102686290220555,0.1425086657644317
SC10284,2025-12-06,Chennai,Bengaluru,256.3,437.82,Van,Pharma,Clear,3126.72,5,4.0,On-Time,0.2157401838645932,0.46081263441993847,0.35121179051543666
SC10285,2025-09-11,Mumbai,Chennai,49.3,855.77,Bike,Groceries,Clear,876.5,1,2.0,Delayed,0.03788985308016153,0.9014464639649139,0.08559113409521629
SC10286,2025-08-15,Chennai,Chennai,489.8,883.54,Van,Pharma,Rain,5637.99,1,6.0,Delayed,0.4163587937108,0.9307236536920677,0.6476473327505989
SC10287,2025-04-22,Mumbai,Delhi,196.4,364.7,Van,Apparel,Rain,5802.58,5,5.0,On-Time,0.164275281381562,0.38372411757263947,0.6670758792217013
SC10288,2025-04-09,Mumbai,Delhi,312.5,467.41,Mini Truck,Pharma,Fog,5846.74,5,4.0,On-Time,0.2640261190823955,0.4920086028760596,0.672288617615066
SC10289,2025-06-02,Hyderabad,Chennai,69.1,851.48,Heavy Truck,Furniture,Clear,378.88,2,2.0,On-Time,0.05490162385084629,0.8969236283894911,0.026851032661654207
SC10290,2025-12-15,Delhi,Hyderabad,122.0,766.47,Bike,Apparel,Rain,5685.26,2,3.0,Delayed,0.10035226394020107,0.8072997933622909,0.6532271820226629
SC10291,2025-12-04,Mumbai,Delhi,241.9,3.97,Heavy Truck,Groceries,Clear,5984.88,7,2.0,On-Time,0.20336798694045882,0.0034158478471724377,0.688594950985976
SC10292,2025-07-13,Hyderabad,Hyderabad,76.4,304.4,Mini Truck,Groceries,Rain,5663.21,4,3.0,On-Time,0.06117364034710887,0.3201513937502636,0.6506243540884761
SC10293,2025-11-06,Delhi,Chennai,729.1,400.97,Bike,Furniture,Rain,4074.99,5,6.0,Delayed,0.6219606495403386,0.42196263652848653,0.46314755673545177
SC10294,2025-06-12,Mumbai,Delhi,9.8,218.62,Mini Truck,Electronics,Clear,4252.2,3,1.0,On-Time,0.003952229572987371,0.22971576772234642,0.48406579429632457
SC10295,2025-07-27,Mumbai,Bengaluru,389.7,189.99,Heavy Truck,Electronics,Clear,865.18,6,3.0,On-Time,0.33035484148122696,0.19953190233205417,0.08425489771358385
SC10296,2025-06-18,Chennai,Chennai,103.0,36.38,Van,Groceries,Clear,5264.64,2,2.0,On-Time,0.08402783744307932,0.03758486905916586,0.6035763209941977
SC10297,2025-06-10,Chennai,Mumbai,249.6,611.38,Mini Truck,Furniture,Clear,498.89,1,3.0,Delayed,0.2099836755735029,0.643792434529583,0.041017263064455106
SC10298,2025-03-09,Delhi,Hyderabad,741.2,249.75,Mini Truck,Electronics,Storm,2008.72,5,7.0,Delayed,0.6323567316779793,0.26253531817990133,0.21924074151675815
SC10299,2025-10-16,Mumbai,Chennai,133.5,50.2,Van,Pharma,Clear,5948.24,3,2.0,On-Time,0.11023283787266949,0.05215493611099397,0.6842698890581481
SC10300,2025-10-04,Bengaluru,Chennai,772.8,219.81,Heavy Truck,Groceries,Clear,2620.62,6,7.0,Delayed,0.6595068304837186,0.23097035381436345,0.2914706922164821
SC10301,2025-10-31,Chennai,Delhi,168.6,761.92,Mini Truck,Pharma,Clear,917.26,3,3.0,On-Time,0.14039006787524702,0.8025028465398727,0.09040252940575844
SC10302,2025-05-15,Delhi,Delhi,594.5,808.99,Heavy Truck,Furniture,Rain,5820.37,7,5.0,On-Time,0.5063149755133604,0.8521275249862945,0.6691758478815283
SC10303,2025-07-14,Mumbai,Delhi,439.6,459.17,Van,Pharma,Clear,5907.22,3,5.0,Delayed,0.3732279405447204,0.48332138489436177,0.6794278028059785
SC10304,2025-05-08,Mumbai,Mumbai,398.2,457.015,Bike,Electronics,Clear,3093.86,1,5.0,Delayed,0.33765787438783407,0.4810494243663813,0.3473329276620408
SC10305,2025-02-02,Bengaluru,Delhi,445.4,928.97,Mini Truck,Electronics,Clear,5209.1,2,5.0,Delayed,0.3782111865280523,0.9786193227343652,0.5970202636942097
SC10306,2025-06-25,Delhi,Chennai,430.0,190.94,Heavy Truck,Apparel,Rain,2433.98,3,4.0,Delayed,0.36497980926196416,0.200533462657614,0.2694393178111929
SC10307,2025-01-22,Mumbai,Delhi,160.4,204.98,Van,Groceries,Clear,2381.01,6,2.0,On-Time,0.13334478907122607,0.21533546999536118,0.2631866286649854
SC10308,2025-08-26,Chennai,Bengaluru,137.2,277.63,Van,Furniture,Rain,1686.78,2,4.0,Delayed,0.11341180513789846,0.29192847805001476,0.18123827325679878
SC10309,2025-06-07,Bengaluru,Delhi,733.6,164.53,Mini Truck,Groceries,Clear,411.56,7,5.0,On-Time,0.6258269610791306,0.17269008560705099,0.03070864794007712
SC10310,2025-02-07,Delhi,Mumbai,265.6,360.71,Bike,Pharma,Clear,1717.85,7,3.0,On-Time,0.22373056104476335,0.37951756420528826,0.18490584078129693
SC10311,2025-08-18,Bengaluru,Bengaluru,300.8,865.34,Mini Truck,Furniture,Clear,464.59,4,3.0,On-Time,0.25397370908153627,0.9115358664023955,0.036968419611275616
SC10312,2025-12-31,Chennai,Chennai,609.1,584.77,Heavy Truck,Furniture,Clear,5557.58,1,6.0,Delayed,0.5188590085058855,0.615738202673639,0.6381555688418479
SC10313,2025-02-20,Delhi,Chennai,274.4,391.64,Van,Electronics,Clear,4021.07,2,2.0,On-Time,0.23129134805395654,0.41212625985746215,0.4567827276102204
SC10314,2025-09-21,Bengaluru,Hyderabad,761.9,887.72,Bike,Pharma,Clear,5336.74,7,7.0,On-Time,0.6501417647564224,0.9351305191245309,0.6120871551916974
SC10315,2025-10-10,Hyderabad,Bengaluru,591.7,46.52,Heavy Truck,Electronics,Rain,4346.15,7,5.0,On-Time,0.5039092705558897,0.048275207691983305,0.49515584801137447
SC10316,2025-01-27,Chennai,Hyderabad,480.0,200.16,Mini Truck,Electronics,Clear,918.03,2,4.0,Delayed,0.407938826359653,0.21025386918567876,0.0904934218098094
SC10317,2025-08-14,Chennai,Bengaluru,705.3,537.81,Van,Apparel,Clear,5652.4,3,6.0,Delayed,0.6015121574018387,0.5662294943701768,0.649348319169267
SC10318,2025-10-04,Chennai,Bengaluru,44.4,584.97,Mini Truck,Electronics,Fog,5414.37,6,3.0,On-Time,0.03367986940458803,0.6159490574790201,0.6212507621091996
SC10319,2025-10-13,Hyderabad,Mumbai,209.4,38.06,Bike,Groceries,Clear,2186.25,3,3.0,On-Time,0.1754446258269611,0.039356049424366386,0.24019675254424958
SC10320,2025-04-07,Hyderabad,Hyderabad,374.7,383.19,Bike,Furniture,Rain,802.47,6,5.0,On-Time,0.3174671363519203,0.4032176443301143,0.07685247867717321
SC10321,2025-10-11,Mumbai,Mumbai,185.4,616.87,Bike,Electronics,Rain,4269.31,7,3.0,On-Time,0.15482429762007047,0.6495803989372919,0.48608549433958703
SC10322,2025-11-13,Bengaluru,Bengaluru,596.4,663.32,Bike,Groceries,Clear,4410.91,7,5.0,On-Time,0.5079474181630724,0.6985514274870326,0.5028002533183106
SC10323,2025-10-31,Mumbai,Chennai,735.8,606.41,Bike,Pharma,Rain,5396.45,1,7.0,Delayed,0.6277171578314289,0.6385526926158648,0.6191354479785588
SC10324,2025-05-27,Bengaluru,Bengaluru,341.9,304.87,Mini Truck,Furniture,Clear,458.04,2,3.0,Delayed,0.28928602113583646,0.32064690254290895,0.036195243966426476
SC10325,2025-01-04,Hyderabad,Mumbai,277.0,89.3,Bike,Pharma,Clear,978.97,5,2.0,On-Time,0.23352521694303638,0.09337705056298233,0.09768690635898605
SC10326,2025-02-04,Hyderabad,Hyderabad,769.4,406.04,Bike,Groceries,Clear,3649.76,7,5.0,On-Time,0.6565856173210758,0.42730780584489525,0.4129525217035126
SC10327,2025-07-11,Mumbai,Hyderabad,358.7,122.75,Van,Pharma,Clear,3771.92,6,3.0,On-Time,0.3037202508806599,0.12864251676295704,0.42737254258515706
SC10328,2025-02-18,Delhi,Mumbai,393.8,900.27,Bike,Pharma,Clear,346.62,6,2.0,On-Time,0.3338774808832375,0.9483616581621896,0.02304299505816819
SC10329,2025-01-17,Mumbai,Hyderabad,284.6,451.67,Van,Pharma,Clear,2472.05,3,2.0,On-Time,0.2400549875418851,0.47541432969257374,0.2739331799179726
SC10330,2025-06-21,Bengaluru,Delhi,728.1,301.74,Van,Electronics,Clear,3567.35,3,4.0,Delayed,0.6211014691983848,0.3173470248386961,0.40322467362839526
SC10331,2025-08-08,Mumbai,Chennai,457.3,728.11,Van,Electronics,Clear,4466.78,7,5.0,On-Time,0.3884354325973023,0.7668578416902122,0.5093952645057489
SC10332,2025-06-07,Chennai,Chennai,610.9,473.3,Mini Truck,Electronics,Clear,1999.48,7,5.0,On-Time,0.5204055331214023,0.49821827689453047,0.21815003266814653
SC10333,2025-02-15,Bengaluru,Chennai,650.4,294.88,Mini Truck,Furniture,Clear,2980.84,4,5.0,Delayed,0.5543431566285764,0.3101147050141273,0.3339918114206896
SC10334,2025-01-06,Bengaluru,Hyderabad,276.8,771.46,Heavy Truck,Groceries,Clear,4912.22,6,3.0,On-Time,0.23335338087464563,0.8125606207565472,0.5619759300388182
SC10335,2025-04-09,Delhi,Hyderabad,349.8,823.86,Heavy Truck,Electronics,Clear,5730.29,1,4.0,Delayed,0.2960735458372713,0.867804579766373,0.6585426170283968
SC10336,2025-08-21,Hyderabad,Bengaluru,679.5,639.52,Van,Pharma,Clear,1497.34,2,5.0,Delayed,0.5793453045794312,0.6734597056466918,0.15887638101859694
SC10337,2025-02-06,Bengaluru,Bengaluru,293.8,45.09,Mini Truck,Pharma,Clear,1630.3,2,3.0,Delayed,0.24795944668785982,0.04676759583350905,0.17457125639861867
SC10338,2025-10-07,Hyderabad,Chennai,636.2,538.22,Bike,Pharma,Fog,5647.94,2,6.0,Delayed,0.5421427957728329,0.5666617467212078,0.6488218514782705
SC10339,2025-12-15,Mumbai,Delhi,753.1,725.25,Heavy Truck,Pharma,Rain,2466.08,6,7.0,Delayed,0.6425809777472292,0.7638426179732637,0.27322846868136963
SC10340,2025-10-29,Chennai,Bengaluru,500.5,130.11,Mini Truck,Apparel,Clear,4352.34,3,4.0,Delayed,0.4255520233697054,0.1364019736009784,0.4958865285062778
SC10341,2025-06-30,Delhi,Bengaluru,594.6,217.62,Bike,Furniture,Rain,3731.75,1,6.0,Delayed,0.5064008935475557,0.22866149369544134,0.4226307921036929
SC10342,2025-04-05,Hyderabad,Hyderabad,645.1,838.43,Bike,Groceries,Clear,1820.69,2,6.0,Delayed,0.5497895008162214,0.8831653523383799,0.19704528861584444
SC10343,2025-04-09,Bengaluru,Delhi,676.8,19.61,Mini Truck,Groceries,Clear,3973.34,6,5.0,On-Time,0.5770255176561561,0.019904693627967783,0.4511485789798922
SC10344,2025-07-07,Hyderabad,Chennai,319.1,715.21,Heavy Truck,Electronics,Fog,3985.06,5,5.0,On-Time,0.2696967093392904,0.7532577067431369,0.45253203219479776
SC10345,2025-04-26,Bengaluru,Bengaluru,45.8,450.35,Mini Truck,Apparel,Clear,3615.79,7,2.0,On-Time,0.03488272188332331,0.47402268797705904,0.4089426321377835
SC10346,2025-07-10,Hyderabad,Delhi,324.5,424.71,Heavy Truck,Groceries,Fog,733.02,4,5.0,Delayed,0.27433628318584075,0.4469911019272129,0.06865445600010861
SC10347,2025-09-10,Bengaluru,Delhi,540.6,7.24,Van,Furniture,Clear,5971.76,4,4.0,On-Time,0.46000515508205186,0.006863323915152027,0.6870462388546141
SC10348,2025-06-10,Mumbai,Chennai,363.0,778.52,Mini Truck,Pharma,Clear,2492.44,2,4.0,Delayed,0.30741472635106115,0.8200037953864969,0.2763400579940755
SC10349,2025-09-13,Bengaluru,Delhi,600.4,342.15,Mini Truck,Electronics,Clear,3883.77,3,5.0,Delayed,0.5113841395308876,0.3599502382659301,0.44057554958918405
SC10350,2025-11-19,Bengaluru,Delhi,288.8,513.96,Heavy Truck,Furniture,Clear,5331.71,4,4.0,On-Time,0.24366354497809095,0.5410850588284908,0.6114934035132865
SC10351,2025-05-08,Chennai,Delhi,509.6,643.6,Heavy Truck,Groceries,Clear,2626.24,4,3.0,On-Time,0.43337056448148475,0.6777611436764645,0.292134088723971
SC10352,2025-01-18,Bengaluru,Bengaluru,153.2,667.65,Mini Truck,Apparel,Clear,4677.46,4,3.0,On-Time,0.12715869060915885,0.7031164340235315,0.5342643705907594
SC10353,2025-10-08,Chennai,Chennai,600.7,908.2,Bike,Electronics,Rain,5835.17,4,6.0,Delayed,0.5116418936334738,0.9567220511955469,0.6709228707126378
SC10354,2025-08-11,Delhi,Delhi,438.8,505.01,Bike,Groceries,Clear,2249.77,2,4.0,Delayed,0.37254059627115743,0.5316493062876904,0.24769478566803851
SC10355,2025-02-23,Chennai,Delhi,167.2,380.03,Bike,Electronics,Clear,2520.83,6,3.0,On-Time,0.13918721539651174,0.39988613840509424,0.279691272735643
SC10356,2025-02-27,Mumbai,Bengaluru,237.1,906.04,Van,Groceries,Clear,5447.62,1,2.0,Delayed,0.1992439212990807,0.9544448192974319,0.6251756613750369
SC10357,2025-11-19,Chennai,Chennai,600.1,610.18,Van,Pharma,Fog,1083.91,1,6.0,Delayed,0.5111263854283015,0.6425273056972969,0.11007424256821799
SC10358,2025-12-26,Delhi,Hyderabad,388.7,283.59,Heavy Truck,Apparel,Clear,317.28,3,3.0,On-Time,0.3294956611392732,0.298211951250369,0.019579640337576747
SC10359,2025-06-23,Mumbai,Bengaluru,176.7,120.58,Van,Pharma,Clear,5467.0,6,1.0,On-Time,0.1473494286450726,0.126354742124573,0.6274633169471249
SC10360,2025-10-07,Hyderabad,Chennai,774.0,800.51,Bike,Groceries,Storm,4956.31,7,8.0,Delayed,0.6605378468940631,0.8431872812381395,0.5671804054863601
SC10361,2025-04-24,Hyderabad,Delhi,573.5,344.39,Mini Truck,Furniture,Clear,5839.61,5,4.0,On-Time,0.48827218833233105,0.36231181208619745,0.6714469775619706
SC10362,2025-10-15,Chennai,Chennai,765.9,627.62,Van,Pharma,Clear,490.69,1,7.0,Delayed,0.6535784861242375,0.6609138447265214,0.040049317982353894
SC10363,2025-12-08,Chennai,Chennai,344.5,447.54,Van,Furniture,Rain,1063.64,5,5.0,On-Time,0.2915198900249163,0.4710601779614558,0.10768152954209706
SC10364,2025-05-31,Delhi,Chennai,382.7,189.38,Bike,Groceries,Rain,766.08,1,4.0,Delayed,0.32434057908755054,0.19888879517564206,0.0725569272701411
SC10365,2025-05-07,Delhi,Hyderabad,718.9,571.8,Van,Apparel,Clear,4147.98,1,5.0,Delayed,0.61319701005241,0.6020642685446802,0.4717634483869844
SC10366,2025-06-04,Bengaluru,Chennai,422.4,58.12,Heavy Truck,Furniture,Clear,3695.16,3,4.0,Delayed,0.3584500386631154,0.06050478640408215,0.41831163228002416
SC10367,2025-09-30,Delhi,Hyderabad,398.2,457.015,Mini Truck,Groceries,Clear,3093.86,4,6.0,Delayed,0.33765787438783407,0.4810494243663813,0.3473329276620408
SC10368,2025-04-14,Bengaluru,Delhi,205.5,519.51,Bike,Furniture,Clear,485.93,3,3.0,On-Time,0.17209382249334138,0.5469362796778139,0.039487437666402454
SC10369,2025-10-26,Mumbai,Hyderabad,360.1,414.53,Heavy Truck,Pharma,Fog,3892.02,1,4.0,Delayed,0.3049231033593952,0.43625859233331926,0.4415493967754444
SC10370,2025-09-03,Chennai,Delhi,103.1,711.36,Bike,Groceries,Clear,3485.2,6,2.0,On-Time,0.08411375547727469,0.7491987517395523,0.3935275164949056
SC10371,2025-06-25,Mumbai,Delhi,168.8,786.61,Heavy Truck,Pharma,Clear,810.48,4,3.0,On-Time,0.1405619039436378,0.8285328722641591,0.07779799576346963
SC10372,2025-02-08,Delhi,Hyderabad,5.8,732.8,Mini Truck,Electronics,Clear,5467.12,6,2.0,On-Time,0.000515508205172265,0.771802386876397,0.6274774819971068
SC10373,2025-06-19,Mumbai,Bengaluru,36.2,37.35,Mini Truck,Groceries,Rain,1313.86,6,2.0,On-Time,0.026634590600567064,0.03860751486526378,0.13721801959616622
SC10374,2025-09-04,Mumbai,Mumbai,781.9,184.83,Heavy Truck,Furniture,Fog,4499.53,6,7.0,Delayed,0.667325371595498,0.194091848353224,0.5132611427299947
SC10375,2025-01-26,Mumbai,Chennai,398.2,457.015,Heavy Truck,Electronics,Clear,3093.86,4,4.0,On-Time,0.33765787438783407,0.4810494243663813,0.3473329276620408
SC10376,2025-12-21,Delhi,Mumbai,532.3,888.11,Heavy Truck,Pharma,Fog,3539.93,6,7.0,Delayed,0.4528739582438354,0.935541685995024,0.39998795970751533
SC10377,2025-11-02,Mumbai,Chennai,672.1,793.29,Heavy Truck,Pharma,Clear,1594.07,4,6.0,Delayed,0.5729873700489734,0.8355754227638849,0.17029459172489583
SC10378,2025-01-13,Bengaluru,Chennai,442.8,800.49,Heavy Truck,Furniture,Clear,1959.1,5,4.0,On-Time,0.3759773176389725,0.8431661957576014,0.21338349334921392
SC10379,2025-11-12,Delhi,Delhi,126.7,288.4,Heavy Truck,Electronics,Rain,5331.62,7,4.0,On-Time,0.10439041154738382,0.3032830093197824,0.6114827797258001
SC10380,2025-11-09,Mumbai,Chennai,583.9,408.26,Mini Truck,Apparel,Fog,1894.8,1,6.0,Delayed,0.4972076638886503,0.42964829418462447,0.20579338740054215
SC10381,2025-02-05,Delhi,Chennai,482.2,447.44,Heavy Truck,Furniture,Rain,4515.21,2,5.0,Delayed,0.4098290231119513,0.47095475055876523,0.5151120425943053
SC10382,2025-06-22,Hyderabad,Hyderabad,586.3,149.92,Van,Pharma,Rain,5942.47,6,5.0,On-Time,0.49926969670933935,0.15728714207396785,0.6835887862381819
SC10383,2025-01-20,Bengaluru,Mumbai,616.9,30.0,Mini Truck,Groceries,Clear,5998.93,3,4.0,Delayed,0.5255606151731249,0.030858600767511495,0.6902534422546983
SC10384,2025-11-17,Mumbai,Hyderabad,780.5,899.58,Bike,Electronics,Clear,3270.86,5,6.0,Delayed,0.6661225191167627,0.9476342090836252,0.3682263763854452
SC10385,2025-09-21,Hyderabad,Chennai,461.0,229.06,Mini Truck,Apparel,Fog,4985.35,3,4.0,Delayed,0.3916143998625312,0.24072238856323538,0.5706083475819965
SC10386,2025-05-22,Hyderabad,Delhi,276.6,228.33,Bike,Groceries,Clear,5942.96,2,2.0,On-Time,0.2331815448062549,0.23995276852359468,0.6836466268589415
SC10387,2025-05-23,Delhi,Hyderabad,520.5,79.67,Bike,Electronics,Clear,2341.84,4,3.0,On-Time,0.44273563020878093,0.08322439168388648,0.2585629202667043
SC10388,2025-04-02,Hyderabad,Hyderabad,59.4,882.12,Van,Furniture,Rain,1626.6,2,2.0,On-Time,0.046567574533894665,0.9292265845738625,0.17413450069084127
SC10389,2025-12-20,Bengaluru,Bengaluru,718.4,550.96,Heavy Truck,Furniture,Clear,818.27,3,5.0,Delayed,0.6127674198814331,0.5800931978239785,0.0787175435914658
SC10390,2025-11-18,Bengaluru,Chennai,99.9,633.85,Heavy Truck,Electronics,Rain,974.26,2,4.0,Delayed,0.08136437838302261,0.66748197191414,0.09713092814719376
SC10391,2025-10-15,Chennai,Delhi,265.6,866.04,Mini Truck,Apparel,Clear,5143.3,1,4.0,Delayed,0.22373056104476335,0.912273858221229,0.5892530946207633
SC10392,2025-08-03,Bengaluru,Hyderabad,653.5,328.67,Heavy Truck,Electronics,Rain,3594.03,2,5.0,Delayed,0.5570066156886331,0.3457386243832497,0.40637403640771974
SC10393,2025-12-08,Hyderabad,Hyderabad,479.9,590.62,Van,Groceries,Rain,5261.2,6,5.0,On-Time,0.40785290832545756,0.6219057057310337,0.6031702562280479
SC10394,2025-02-20,Bengaluru,Delhi,317.9,37.34,Mini Truck,Groceries,Clear,4768.31,1,4.0,Delayed,0.2686656929289458,0.03859697212499473,0.5449884938479418
SC10395,2025-06-02,Delhi,Chennai,381.4,177.84,Van,Furniture,Clear,4091.41,6,4.0,On-Time,0.3232236446430106,0.18672247290515753,0.46508580774131786
SC10396,2025-07-05,Chennai,Bengaluru,684.4,789.77,Mini Truck,Electronics,Clear,3714.48,7,6.0,On-Time,0.5835552882550048,0.831864378189179,0.4205922053271212
SC10397,2025-03-04,Hyderabad,Hyderabad,275.3,728.55,Heavy Truck,Furniture,Clear,432.78,7,4.0,On-Time,0.23206461036171497,0.7673217222620504,0.03321350094522198
SC10398,2025-07-09,Chennai,Bengaluru,696.4,333.44,Heavy Truck,Apparel,Clear,5252.81,2,5.0,Delayed,0.5938654523584501,0.3507675114915869,0.6021798831501419
SC10399,2025-05-05,Hyderabad,Mumbai,75.1,358.28,Heavy Truck,Groceries,Clear,2594.38,1,2.0,Delayed,0.06005670590256895,0.3769556783199089,0.2883732679537582
SC10400,2025-05-30,Delhi,Chennai,622.6,507.11,Mini Truck,Pharma,Clear,3424.75,1,4.0,Delayed,0.5304579431222615,0.5338632817441911,0.3863918725664887
SC10401,2025-11-10,Chennai,Mumbai,678.8,0.73,Mini Truck,Pharma,Clear,278.43,7,5.0,On-Time,0.5787438783400636,0.0,0.014993705405914264
SC10402,2025-02-27,Mumbai,Mumbai,149.5,229.56,Bike,Electronics,Clear,5626.03,2,2.0,On-Time,0.12397972334392991,0.2412495255766879,0.6462355494357294
SC10403,2025-12-08,Hyderabad,Mumbai,347.1,198.22,Bike,Electronics,Rain,5431.03,5,3.0,On-Time,0.29375375891399613,0.2082085775734829,0.6232173432150296
SC10404,2025-11-01,Mumbai,Chennai,136.6,238.33,Heavy Truck,Pharma,Clear,3328.18,4,2.0,On-Time,0.1128962969327262,0.2504955087926454,0.37499254859349906
SC10405,2025-06-29,Chennai,Chennai,566.8,765.71,Mini Truck,Electronics,Fog,3527.27,4,7.0,Delayed,0.48251568004124074,0.806498545101843,0.39849354693441763
SC10406,2025-06-19,Mumbai,Delhi,430.6,266.05,Heavy Truck,Groceries,Rain,4274.35,4,5.0,Delayed,0.3654953174671364,0.27971998481845406,0.4866804264388298
SC10407,2025-11-22,Mumbai,Bengaluru,510.1,182.35,Heavy Truck,Apparel,Rain,1698.47,1,6.0,Delayed,0.4338001546524617,0.19147724876649938,0.18261818520920894
SC10408,2025-09-28,Chennai,Bengaluru,161.2,479.3,Bike,Apparel,Rain,1448.21,7,3.0,On-Time,0.13403213334478908,0.5045439210559609,0.15307697347181243
SC10409,2025-02-23,Delhi,Delhi,173.3,822.43,Van,Furniture,Clear,4093.03,4,3.0,On-Time,0.1444282154824298,0.8662969679078987,0.4652770359160745
SC10410,2025-04-11,Mumbai,Delhi,38.0,229.66,Heavy Truck,Groceries,Rain,760.87,7,1.0,On-Time,0.028181115216083862,0.2413549529793784,0.07194192801675725
SC10411,2025-09-21,Mumbai,Mumbai,261.0,75.07,Van,Electronics,Clear,2806.26,1,3.0,Delayed,0.21977833147177595,0.07837473116012314,0.3133840245385883
SC10412,2025-02-22,Delhi,Delhi,450.0,338.91,Van,Electronics,Fog,3032.65,7,5.0,On-Time,0.3821634161010397,0.3565343904187577,0.3401075717504048
SC10413,2025-03-01,Mumbai,Hyderabad,687.1,710.4,Mini Truck,Furniture,Fog,2380.82,5,6.0,Delayed,0.58587507517828,0.7481866486737233,0.2631642006691806
SC10414,2025-04-18,Mumbai,Bengaluru,535.2,523.38,Mini Truck,Furniture,Clear,1233.82,2,4.0,Delayed,0.45536558123550147,0.5510163201619366,0.12776993125819286
SC10415,2025-01-05,Mumbai,Delhi,351.1,776.05,Heavy Truck,Electronics,Clear,2228.6,7,4.0,On-Time,0.2971904802818112,0.8173997385400413,0.24519583476705278
SC10416,2025-04-13,Bengaluru,Hyderabad,762.7,911.63,Bike,Electronics,Clear,2124.71,7,7.0,On-Time,0.6508291090299855,0.9603382111078312,0.2329324427451631
SC10417,2025-07-15,Delhi,Hyderabad,576.8,753.13,Bike,Groceries,Rain,3070.7,2,6.0,Delayed,0.4911074834607785,0.7932357778433772,0.3445990730155208
SC10418,2025-09-19,Mumbai,Hyderabad,744.5,573.81,Heavy Truck,Furniture,Clear,4096.88,1,5.0,Delayed,0.6351920268064267,0.6041833593387593,0.46573149793632934
SC10419,2025-12-31,Delhi,Hyderabad,424.4,468.93,Van,Groceries,Clear,5814.18,1,4.0,Delayed,0.360168399347023,0.4936110993969553,0.6684451673866251
SC10420,2025-12-16,Hyderabad,Mumbai,210.8,38.55,Bike,Electronics,Clear,993.36,7,3.0,On-Time,0.17664747830569638,0.039872643697549864,0.0993855319359905
SC10421,2025-02-16,Hyderabad,Hyderabad,47.0,935.11,Van,Pharma,Clear,5257.15,5,2.0,On-Time,0.03591373829366784,0.9850925652595623,0.6026921857911564
SC10422,2025-12-21,Mumbai,Mumbai,582.2,364.62,Heavy Truck,Pharma,Storm,1812.44,4,6.0,Delayed,0.495747057307329,0.3836397756504871,0.19607144142958408
SC10423,2025-11-07,Delhi,Mumbai,101.4,145.04,Van,Electronics,Rain,3609.53,5,3.0,On-Time,0.08265314889595328,0.15214228482267111,0.4082036886970574
SC10424,2025-11-04,Delhi,Hyderabad,245.7,633.54,Heavy Truck,Furniture,Clear,3348.41,2,3.0,Delayed,0.20663287223988316,0.6671551469657994,0.3773805399362927
SC10425,2025-05-24,Delhi,Bengaluru,428.3,270.43,Heavy Truck,Pharma,Clear,3408.15,2,3.0,Delayed,0.36351920268064275,0.28433770505629824,0.38443237398564967
SC10426,2025-09-26,Bengaluru,Hyderabad,453.7,556.7,Van,Furniture,Clear,4381.65,6,5.0,On-Time,0.38534238336626864,0.5861447307384137,0.49934634196437366
SC10427,2025-05-04,Hyderabad,Hyderabad,482.5,557.64,Van,Pharma,Clear,2382.88,4,4.0,On-Time,0.4100867772145374,0.5871357483237044,0.26340736736053777
SC10428,2025-04-16,Delhi,Hyderabad,137.2,423.72,Bike,Furniture,Rain,2016.73,7,3.0,On-Time,0.11341180513789846,0.44594737064057693,0.22018625860305457
SC10429,2025-06-07,Delhi,Bengaluru,306.9,794.39,Heavy Truck,Pharma,Clear,5139.08,2,4.0,Delayed,0.2592147091674543,0.8367351241934805,0.5887549570297307
SC10430,2025-05-27,Bengaluru,Chennai,495.7,252.09,Mini Truck,Furniture,Clear,1437.56,6,4.0,On-Time,0.42142795772832725,0.26500231940285923,0.15181982528591267
SC10431,2025-05-25,Bengaluru,Chennai,776.0,426.48,Mini Truck,Groceries,Fog,1204.44,1,7.0,Delayed,0.6622562075779707,0.44885716695483496,0.12430185485427411
SC10432,2025-04-30,Delhi,Mumbai,583.5,511.04,Heavy Truck,Furniture,Fog,241.3,2,4.0,Delayed,0.49686399175186885,0.538006578669928,0.010610802857326667
SC10433,2025-11-15,Chennai,Mumbai,738.5,630.61,Heavy Truck,Groceries,Clear,1381.88,3,5.0,Delayed,0.6300369447547041,0.6640661240669676,0.14524724209427903
SC10434,2025-10-02,Delhi,Bengaluru,611.0,744.88,Heavy Truck,Groceries,Clear,3183.41,4,5.0,Delayed,0.5204914511555976,0.7845380171214102,0.35790359621108525
SC10435,2025-04-02,Delhi,Delhi,475.4,375.37,Van,Electronics,Clear,3300.28,6,4.0,On-Time,0.4039865967866656,0.39497322143971664,0.3716991744726913
SC10436,2025-02-27,Bengaluru,Chennai,157.7,613.92,Mini Truck,Groceries,Rain,1638.36,4,4.0,On-Time,0.13102500214795085,0.6464702905579218,0.17552267558907425
SC10437,2025-12-12,Bengaluru,Mumbai,535.0,143.51,Mini Truck,Apparel,Storm,572.8,4,7.0,Delayed,0.4551937451671107,0.15052924556150635,0.049741753432516224
SC10438,2025-08-17,Delhi,Chennai,500.6,886.05,Mini Truck,Groceries,Clear,4506.15,3,5.0,Delayed,0.42563794140390077,0.9333698814995994,0.5140425813206666
SC10439,2025-04-27,Delhi,Bengaluru,484.0,364.21,Heavy Truck,Furniture,Clear,4584.16,5,4.0,On-Time,0.4113755477274681,0.383207523299456,0.5232510442297784
SC10440,2025-11-14,Delhi,Bengaluru,394.4,693.18,Van,Groceries,Fog,5987.34,1,5.0,Delayed,0.3343929890884097,0.7300320499304179,0.6888853345106064
SC10441,2025-10-06,Bengaluru,Delhi,425.3,19.81,Heavy Truck,Furniture,Rain,5415.17,4,5.0,Delayed,0.3609416616547814,0.0201155484333488,0.6213451957757461
SC10442,2025-05-07,Delhi,Delhi,398.2,457.015,Bike,Furniture,Clear,3093.86,2,5.0,Delayed,0.33765787438783407,0.4810494243663813,0.3473329276620408
SC10443,2025-05-09,Delhi,Bengaluru,417.9,462.98,Bike,Apparel,Clear,4819.49,1,4.0,Delayed,0.35458372712432346,0.4873381689368701,0.5510298876652515
SC10444,2025-02-27,Mumbai,Mumbai,162.1,834.4,Mini Truck,Groceries,Clear,3750.69,2,3.0,Delayed,0.13480539565254748,0.8789166280099524,0.4248665091591804
SC10445,2025-05-02,Chennai,Chennai,645.1,501.13,Heavy Truck,Groceries,Clear,901.99,1,6.0,Delayed,0.5497895008162214,0.5275587230632987,0.0886000267955529
SC10446,2025-01-01,Hyderabad,Hyderabad,152.7,883.41,Bike,Pharma,Clear,3790.53,7,2.0,On-Time,0.12672910043818197,0.93058659806857,0.42956930575319413
SC10447,2025-08-27,Chennai,Delhi,398.2,457.015,Bike,Pharma,Clear,3093.86,1,2.0,Delayed,0.33765787438783407,0.4810494243663813,0.3473329276620408
SC10448,2025-10-17,Mumbai,Hyderabad,351.8,466.18,Heavy Truck,Electronics,Clear,5329.0,6,3.0,On-Time,0.2977919065211789,0.49071184582296634,0.6111735094678604
SC10449,2025-04-06,Hyderabad,Mumbai,528.4,114.2,Van,Furniture,Clear,2968.65,2,4.0,Delayed,0.4495231549102157,0.11962847383291866,0.33255287842668796
SC10450,2025-05-06,Delhi,Delhi,353.0,762.62,Heavy Truck,Apparel,Fog,4230.22,2,5.0,Delayed,0.2988229229315234,0.8032408383587063,0.48147122930796066
SC10451,2025-04-28,Mumbai,Hyderabad,225.0,234.99,Heavy Truck,Pharma,Clear,455.63,7,2.0,On-Time,0.18884783916144002,0.24697423354278247,0.03591076254595526
SC10452,2025-02-17,Delhi,Mumbai,448.7,854.68,Van,Groceries,Rain,3275.35,1,6.0,Delayed,0.3810464816564998,0.9002973052755873,0.3687563853389372
SC10453,2025-03-30,Bengaluru,Chennai,280.9,865.33,Mini Truck,Electronics,Clear,1912.39,4,4.0,On-Time,0.23687602027665608,0.9115253236621265,0.20786974764373248
SC10454,2025-08-25,Mumbai,Mumbai,746.6,896.17,Mini Truck,Apparel,Rain,1817.06,2,7.0,Delayed,0.6369963055245297,0.9440391346518788,0.19661679585388986
SC10455,2025-09-29,Bengaluru,Delhi,738.5,494.46,Mini Truck,Groceries,Clear,2429.49,7,5.0,On-Time,0.6300369447547041,0.5205267153038419,0.26890930885770087
SC10456,2025-07-08,Mumbai,Bengaluru,404.4,643.4,Van,Groceries,Rain,153.74,3,4.0,Delayed,0.3429847925079475,0.6775502888710835,0.00027503805381656754
SC10457,2025-07-11,Mumbai,Chennai,265.7,739.7,Bike,Furniture,Clear,2879.97,3,3.0,On-Time,0.22381647907895869,0.779076877662042,0.32208490649001276
SC10458,2025-03-10,Bengaluru,Hyderabad,591.0,124.9,Van,Furniture,Clear,2996.42,1,5.0,Delayed,0.5033078443165221,0.13090920592080293,0.33583090707668195
SC10459,2025-10-05,Hyderabad,Delhi,34.2,571.11,Heavy Truck,Pharma,Rain,5199.32,5,3.0,On-Time,0.024916229916659514,0.6013368194661157,0.5958658121206791
SC10460,2025-12-15,Chennai,Bengaluru,382.4,33.07,Van,Pharma,Clear,2773.87,1,3.0,Delayed,0.3240828249849644,0.03409522203011007,0.30956064146428847
SC10461,2025-09-04,Delhi,Mumbai,272.4,472.94,Bike,Groceries,Clear,2276.8,7,3.0,On-Time,0.22957298737004897,0.49783873824484465,0.2508854631764771
SC10462,2025-03-17,Mumbai,Bengaluru,736.8,147.52,Bike,Groceries,Fog,5969.27,1,6.0,Delayed,0.6285763381733827,0.1547568844093957,0.6867523140674883
SC10463,2025-06-03,Delhi,Delhi,14.5,174.19,Heavy Truck,Pharma,Fog,3491.6,4,2.0,On-Time,0.007990377180170118,0.182874372706954,0.3942829858272773
SC10464,2025-05-24,Bengaluru,Delhi,444.5,347.11,Mini Truck,Pharma,Clear,2914.79,4,4.0,On-Time,0.37743792422029393,0.36517943743937925,0.3261951318264475
SC10465,2025-03-27,Delhi,Bengaluru,593.8,411.1,Bike,Groceries,Clear,3051.22,6,5.0,On-Time,0.5057135492739926,0.43264243242103495,0.34229961323511443
SC10466,2025-07-04,Bengaluru,Mumbai,390.6,592.2,Bike,Apparel,Clear,4883.71,7,4.0,On-Time,0.3311281037889854,0.6235714586935438,0.5586105502472687
SC10467,2025-10-12,Delhi,Bengaluru,72.9,71.17,Bike,Groceries,Clear,2142.96,5,2.0,On-Time,0.05816650915027066,0.07426306245519336,0.2350867107632542
SC10468,2025-08-08,Chennai,Delhi,778.1,478.76,Heavy Truck,Apparel,Storm,2426.59,7,8.0,Delayed,0.6640604862960736,0.5039746130814322,0.26856698681647
SC10469,2025-03-10,Chennai,Delhi,416.8,173.9,Bike,Apparel,Clear,4571.86,7,4.0,On-Time,0.3536386287481743,0.18256863323915154,0.5217991266066265
SC10470,2025-02-16,Chennai,Hyderabad,493.3,545.49,Mini Truck,Groceries,Clear,576.95,5,5.0,On-Time,0.4193659249076382,0.5743263188968077,0.050231628077726
SC10471,2025-04-04,Chennai,Hyderabad,193.1,605.72,Heavy Truck,Electronics,Storm,5211.24,7,5.0,On-Time,0.16143998625311454,0.6378252435373003,0.5972728737522214
SC10472,2025-08-26,Chennai,Chennai,389.4,529.1,Mini Truck,Pharma,Clear,2666.69,5,4.0,On-Time,0.33009708737864085,0.5570467675958336,0.2969088909887264
SC10473,2025-07-23,Chennai,Delhi,346.2,701.51,Bike,Furniture,Rain,3550.56,5,6.0,Delayed,0.2929804966062377,0.7388141525745373,0.40124274705175145
SC10474,2025-08-06,Bengaluru,Hyderabad,64.5,319.16,Bike,Groceries,Clear,4581.24,5,2.0,On-Time,0.050949394277858925,0.3357124783873825,0.5229063613468837
SC10475,2025-12-07,Mumbai,Bengaluru,89.4,726.97,Mini Truck,Apparel,Clear,1706.4,7,2.0,On-Time,0.07234298479250796,0.7656559692995405,0.18355425892885074
SC10476,2025-02-08,Delhi,Mumbai,670.8,411.41,Heavy Truck,Groceries,Clear,5358.34,7,4.0,On-Time,0.5718704356044334,0.43296925736937547,0.6146368641884519
SC10477,2025-04-10,Chennai,Bengaluru,195.7,460.23,Heavy Truck,Pharma,Clear,5878.47,1,2.0,Delayed,0.16367385514219435,0.48443891536288114,0.676034092914465
SC10478,2025-10-16,Bengaluru,Mumbai,160.0,615.87,Mini Truck,Apparel,Clear,3041.51,7,3.0,On-Time,0.13300111693444455,0.6485261249103869,0.34115342460740683
SC10479,2025-09-11,Bengaluru,Hyderabad,406.4,17.93,Bike,Furniture,Clear,5631.08,1,4.0,Delayed,0.344703153191855,0.01813351326276726,0.6468316619558039
SC10480,2025-08-10,Bengaluru,Chennai,616.2,621.47,Van,Furniture,Clear,156.6,6,4.0,On-Time,0.5249591889337573,0.6544300594610553,0.0006126384117201636
SC10481,2025-12-23,Mumbai,Bengaluru,54.2,587.85,Mini Truck,Furniture,Clear,5381.29,3,2.0,On-Time,0.04209983675573503,0.6189853666765067,0.6173459299975035
SC10482,2025-01-23,Delhi,Bengaluru,463.6,294.7,Mini Truck,Electronics,Clear,1969.62,3,5.0,Delayed,0.39384826875161105,0.30992493568928436,0.21462529606429986
SC10483,2025-09-07,Mumbai,Bengaluru,99.8,81.96,Mini Truck,Apparel,Clear,1972.25,6,2.0,On-Time,0.08127846034882723,0.08563867920549909,0.21493574674307137
SC10484,2025-01-10,Hyderabad,Mumbai,34.0,86.84,Bike,Apparel,Clear,1484.32,6,2.0,On-Time,0.024744393848268754,0.09078353645679586,0.1573394730955533
SC10485,2025-09-03,Bengaluru,Hyderabad,46.9,877.1,Heavy Truck,Electronics,Rain,2004.53,2,3.0,Delayed,0.03582782025947247,0.9239341289587991,0.21874614518822105
SC10486,2025-11-21,Hyderabad,Bengaluru,668.2,654.97,Bike,Apparel,Clear,1398.88,1,5.0,Delayed,0.5696365667153537,0.6897482393623752,0.14725395750839132
SC10487,2025-04-10,Chennai,Bengaluru,98.8,121.18,Mini Truck,Electronics,Clear,5449.33,5,2.0,On-Time,0.08041928000687346,0.12698730654071608,0.6253775133372799
SC10488,2025-10-17,Chennai,Chennai,40.9,339.21,Bike,Groceries,Rain,5409.29,2,3.0,Delayed,0.030672738207749812,0.3568506726268292,0.6206511083266295
SC10489,2025-06-29,Mumbai,Chennai,353.1,563.06,Bike,Pharma,Clear,747.94,4,3.0,On-Time,0.2989088409657188,0.5928499135495299,0.07041564388120009
SC10490,2025-08-11,Delhi,Hyderabad,676.0,793.88,Mini Truck,Furniture,Rain,985.72,1,8.0,Delayed,0.5763381733825931,0.8361974444397589,0.09848369042047181
SC10491,2025-09-07,Hyderabad,Hyderabad,213.6,41.96,Bike,Electronics,Rain,5192.81,7,2.0,On-Time,0.17905318326316697,0.043467718129296166,0.5950973581591574
SC10492,2025-05-27,Delhi,Delhi,340.3,225.18,Van,Electronics,Clear,2483.79,6,3.0,On-Time,0.28791133258871043,0.2366318053388437,0.2753189939745419
SC10493,2025-04-06,Mumbai,Chennai,36.7,845.32,Bike,Electronics,Clear,1140.24,3,2.0,On-Time,0.02706418077154395,0.8904293003837559,0.11672355311392063
SC10494,2025-09-14,Chennai,Delhi,362.0,9.2,Bike,Groceries,Storm,3137.42,1,5.0,Delayed,0.3065555460091074,0.008929701007885968,0.3524748408054956
SC10495,2025-11-21,Delhi,Mumbai,464.2,191.73,Heavy Truck,Electronics,Clear,2587.51,6,3.0,On-Time,0.3943637769567833,0.20136633913886898,0.2875623188422905
SC10496,2025-01-04,Delhi,Delhi,458.9,911.09,Heavy Truck,Pharma,Rain,1432.1,1,6.0,Delayed,0.38981012114442826,0.9597689031333025,0.15117531551173308
SC10497,2025-01-16,Chennai,Bengaluru,269.3,582.93,Mini Truck,Pharma,Clear,4366.4,7,4.0,On-Time,0.2269095283099923,0.6137983384641337,0.49754620019583184
SC10498,2025-10-07,Hyderabad,Delhi,255.8,248.96,Mini Truck,Furniture,Clear,3843.04,1,3.0,Delayed,0.21531059369361633,0.2617024416986463,0.43576769554113737
SC10499,2025-12-02,Chennai,Hyderabad,89.8,64.11,Heavy Truck,Groceries,Clear,733.02,7,1.0,On-Time,0.07268665692928947,0.06681988782524353,0.06865445600010861
SC10500,2025-09-04,Delhi,Mumbai,296.6,27.27,Van,Pharma,Clear,5563.51,1,3.0,Delayed,0.2503651516453304,0.027980432674060644,0.6388555583951235
SC10501,2025-09-15,Hyderabad,Bengaluru,84.1,232.89,Bike,Apparel,Clear,3417.05,4,2.0,On-Time,0.06778932898015294,0.2447602580862818,0.38548294852597903
SC10502,2025-06-09,Hyderabad,Delhi,614.4,837.47,Van,Apparel,Rain,1613.7,3,7.0,Delayed,0.5234126643182404,0.882153249272551,0.17261175781777963
SC10503,2025-12-06,Chennai,Mumbai,773.2,395.41,Van,Apparel,Fog,1356.81,1,7.0,Delayed,0.6598505026205002,0.4161008729388943,0.14228792706887933
SC10504,2025-06-01,Delhi,Mumbai,776.2,684.46,Heavy Truck,Electronics,Rain,945.3,6,7.0,Delayed,0.6624280436463614,0.7208387804158058,0.0937124294182119
SC10505,2025-06-27,Mumbai,Bengaluru,692.7,872.41,Mini Truck,Electronics,Clear,2634.13,4,6.0,Delayed,0.5906864850932212,0.9189895837726143,0.2930654407602855
SC10506,2025-06-12,Delhi,Delhi,482.6,387.93,Bike,Apparel,Fog,942.91,2,6.0,Delayed,0.41017269524873284,0.40821490321764436,0.09343030883940434
SC10507,2025-02-02,Bengaluru,Mumbai,562.2,182.12,Mini Truck,Furniture,Rain,2582.53,1,5.0,Delayed,0.47856345046825344,0.19123476574031123,0.2869744692680388
SC10508,2025-06-28,Mumbai,Mumbai,231.7,491.5,Van,Furniture,Fog,1020.31,7,4.0,On-Time,0.1946043474525303,0.5174060641842029,0.10256676607777437
SC10509,2025-04-11,Hyderabad,Chennai,506.5,862.73,Van,Electronics,Clear,3992.32,4,5.0,Delayed,0.43070710542142804,0.9087842111921732,0.45338901771870693
SC10510,2025-09-25,Mumbai,Mumbai,367.2,764.25,Mini Truck,Apparel,Rain,4743.67,5,5.0,On-Time,0.311023283787267,0.8049593050225615,0.5420799369183108
SC10511,2025-11-19,Hyderabad,Chennai,388.2,63.01,Mini Truck,Furniture,Clear,3364.71,2,4.0,Delayed,0.3290660709682963,0.06566018639564795,0.37930462589217684
SC10512,2025-03-06,Hyderabad,Delhi,607.4,658.1,Heavy Truck,Electronics,Clear,4128.33,3,5.0,Delayed,0.517398401924564,0.6930481170665881,0.469443921452437
SC10513,2025-06-17,Mumbai,Delhi,229.1,543.52,Mini Truck,Apparel,Storm,5639.52,1,4.0,Delayed,0.1923704785634505,0.5722493990638048,0.6478279371378691
SC10514,2025-11-26,Hyderabad,Delhi,257.8,862.14,Mini Truck,Groceries,Clear,3884.47,1,4.0,Delayed,0.21702895437752387,0.9081621895162991,0.4406581790474122
SC10515,2025-02-12,Hyderabad,Hyderabad,740.1,116.8,Heavy Truck,Apparel,Clear,2280.33,4,5.0,Delayed,0.6314116333018301,0.12236958630287184,0.25130215173011333
SC10516,2025-02-13,Bengaluru,Delhi,49.7,507.57,Mini Truck,Apparel,Fog,2779.46,3,2.0,On-Time,0.03823352521694305,0.5343482477965673,0.31022049670928187
SC10517,2025-10-12,Delhi,Mumbai,391.1,835.55,Van,Pharma,Clear,5184.07,5,5.0,On-Time,0.33155769395996226,0.8801290431408932,0.5940656703521372
SC10518,2025-01-12,Delhi,Bengaluru,730.7,389.82,Mini Truck,Pharma,Fog,914.71,2,7.0,Delayed,0.6233353380874647,0.4102074811284949,0.09010152209364161
SC10519,2025-04-05,Bengaluru,Chennai,490.2,458.15,Bike,Groceries,Rain,2055.56,6,4.0,On-Time,0.41670246584758147,0.4822460253869186,0.2247698326930534
SC10520,2025-10-29,Mumbai,Hyderabad,439.4,67.4,Van,Groceries,Clear,3527.09,3,4.0,Delayed,0.37305610447632964,0.07028844937376123,0.39847229935944467
SC10521,2025-09-10,Chennai,Delhi,203.5,264.6,Heavy Truck,Apparel,Clear,4106.88,1,2.0,Delayed,0.17037546180943383,0.2781912874794417,0.4669119187681601
SC10522,2025-08-30,Chennai,Delhi,277.9,308.62,Van,Furniture,Rain,4616.47,4,4.0,On-Time,0.23429847925079475,0.324600430143803,0.5270649839374236
SC10523,2025-02-04,Chennai,Bengaluru,682.4,897.89,Heavy Truck,Groceries,Clear,2011.51,5,6.0,Delayed,0.5818369275710972,0.9458524859781555,0.21957007892883892
SC10524,2025-08-03,Bengaluru,Bengaluru,449.6,268.89,Bike,Apparel,Fog,1003.28,4,5.0,Delayed,0.3818197439642582,0.28271412305486443,0.10055650940116662
SC10525,2025-12-03,Bengaluru,Hyderabad,414.2,438.09,Bike,Electronics,Fog,5735.81,2,4.0,Delayed,0.3514047598590945,0.4610972884072028,0.6591942093275674
SC10526,2025-03-31,Hyderabad,Chennai,84.2,637.9,Van,Pharma,Clear,596.89,7,1.0,On-Time,0.06787524701434833,0.6717517817231056,0.052585387216396516
SC10527,2025-09-21,Chennai,Delhi,17.7,154.49,Mini Truck,Furniture,Clear,710.46,7,1.0,On-Time,0.010739754274422203,0.16210517437692407,0.06599142660349841
SC10528,2025-04-03,Mumbai,Hyderabad,771.1,462.38,Van,Apparel,Fog,3045.41,3,7.0,Delayed,0.6580462239023972,0.48670560452072703,0.3416137887318208
SC10529,2025-03-31,Mumbai,Mumbai,304.7,701.74,Van,Electronics,Clear,4942.74,4,4.0,On-Time,0.25732451241515597,0.7390566356007254,0.5655785744175656
SC10530,2025-04-25,Chennai,Mumbai,484.6,823.58,Bike,Pharma,Clear,4680.85,6,5.0,On-Time,0.41189105593264036,0.8675093830388396,0.53466453325275
SC10531,2025-04-15,Chennai,Hyderabad,68.4,595.13,Heavy Truck,Electronics,Rain,5635.54,6,4.0,On-Time,0.05430019761147867,0.6266604815923755,0.6473581296468004
SC10532,2025-07-15,Chennai,Delhi,548.1,635.77,Van,Apparel,Fog,978.38,7,5.0,On-Time,0.46644900764670516,0.6695061780457977,0.09761726152990802
SC10533,2025-11-10,Bengaluru,Hyderabad,746.4,120.41,Mini Truck,Groceries,Rain,2348.0,7,6.0,On-Time,0.6368244694561389,0.12617551553999914,0.25929005949911205
SC10534,2025-04-24,Bengaluru,Delhi,462.7,898.51,Bike,Pharma,Clear,1800.53,4,4.0,On-Time,0.3930750064438526,0.9465061358748367,0.19466556021887363
SC10535,2025-03-16,Bengaluru,Bengaluru,398.2,457.015,Van,Electronics,Clear,3093.86,1,3.0,Delayed,0.33765787438783407,0.4810494243663813,0.3473329276620408
SC10536,2025-08-05,Delhi,Hyderabad,467.5,736.05,Van,Groceries,Rain,3006.87,4,6.0,Delayed,0.39719907208523075,0.7752287774638384,0.33706444684594505
SC10537,2025-10-04,Mumbai,Delhi,614.2,251.94,Mini Truck,Furniture,Fog,307.06,5,7.0,Delayed,0.5232408282498497,0.26484417829882345,0.018373250247445717
SC10538,2025-09-06,Mumbai,Hyderabad,328.1,886.95,Van,Apparel,Storm,4291.59,3,6.0,Delayed,0.2774293324168744,0.9343187281238141,0.488715471952906
SC10539,2025-06-13,Hyderabad,Hyderabad,704.5,684.1,Van,Apparel,Clear,2423.88,2,6.0,Delayed,0.6008248131282757,0.72045924176612,0.26824709277104386
SC10540,2025-12-23,Bengaluru,Delhi,520.7,716.25,Van,Pharma,Rain,3257.21,6,6.0,On-Time,0.4429074662771717,0.7543541517311181,0.36661510194999625
SC10541,2025-07-11,Delhi,Delhi,719.9,208.5,Van,Electronics,Storm,5378.66,4,7.0,Delayed,0.6140561903943639,0.21904651457006707,0.6170354793187319
SC10542,2025-08-15,Delhi,Chennai,500.7,421.17,Mini Truck,Furniture,Clear,1651.92,5,4.0,On-Time,0.42572385943809615,0.443258971871969,0.17712332623703678
SC10543,2025-06-26,Mumbai,Hyderabad,109.4,587.11,Van,Pharma,Clear,1555.55,7,2.0,On-Time,0.0895265916315835,0.6182052038965969,0.16574761068068375
SC10544,2025-04-09,Bengaluru,Mumbai,251.2,731.59,Van,Pharma,Fog,1689.68,6,4.0,On-Time,0.21135836412062894,0.7705267153038419,0.1815805952980297
SC10545,2025-02-05,Hyderabad,Hyderabad,165.4,99.21,Van,Electronics,Clear,2127.93,6,2.0,On-Time,0.13764069078099495,0.1038249061696116,0.23331253825301254
SC10546,2025-04-06,Bengaluru,Hyderabad,727.5,914.27,Bike,Furniture,Clear,778.02,2,6.0,Delayed,0.6205859609932125,0.9631214945388606,0.07396634974334701
SC10547,2025-06-01,Chennai,Delhi,609.5,845.76,Mini Truck,Electronics,Clear,4228.74,6,6.0,On-Time,0.519202680642667,0.8908931809555941,0.48129652702484965
SC10548,2025-05-31,Bengaluru,Hyderabad,542.7,257.2,Bike,Apparel,Clear,1363.28,5,5.0,On-Time,0.46180943380015477,0.2703896596803441,0.1430516593470738
SC10549,2025-07-09,Chennai,Hyderabad,244.3,781.71,Bike,Groceries,Clear,5567.95,6,3.0,On-Time,0.2054300197611479,0.8233669295323242,0.6393796652444563
SC10550,2025-08-12,Chennai,Mumbai,151.3,492.65,Mini Truck,Apparel,Clear,1411.76,6,3.0,On-Time,0.1255262479594467,0.5186184793151436,0.14877433953978933
SC10551,2025-02-06,Hyderabad,Delhi,606.4,438.99,Bike,Apparel,Storm,1645.51,4,8.0,Delayed,0.5165392215826102,0.4620461350314174,0.17636667648383325
SC10552,2025-09-25,Mumbai,Hyderabad,382.0,299.06,Bike,Pharma,Rain,1887.57,4,4.0,On-Time,0.3237391528481829,0.3145215704465905,0.20493994313912853
SC10553,2025-07-02,Bengaluru,Bengaluru,184.5,552.13,Bike,Apparel,Rain,4645.95,7,4.0,On-Time,0.15405103531231207,0.5813266984354575,0.5305448645496607
SC10554,2025-01-13,Chennai,Chennai,495.2,693.53,Mini Truck,Furniture,Clear,2651.5,3,6.0,Delayed,0.4209983675573504,0.7304010458398348,0.29511583174517547
SC10555,2025-10-06,Bengaluru,Mumbai,37.1,390.68,Van,Apparel,Rain,4943.11,1,3.0,Delayed,0.027407852908325463,0.4111141567916333,0.5656222499883433
SC10556,2025-08-05,Mumbai,Hyderabad,264.3,597.94,Heavy Truck,Furniture,Rain,4741.39,5,4.0,On-Time,0.22261362660022344,0.6296229916079789,0.5418108009686534
SC10557,2025-12-21,Mumbai,Bengaluru,377.5,664.5,Heavy Truck,Electronics,Rain,5587.52,1,4.0,Delayed,0.3198728413093909,0.6997954708387805,0.6416897488123492
SC10558,2025-12-27,Delhi,Hyderabad,398.2,457.015,Mini Truck,Pharma,Clear,3093.86,1,2.0,Delayed,0.33765787438783407,0.4810494243663813,0.3473329276620408
SC10559,2025-10-13,Mumbai,Hyderabad,787.8,49.84,Heavy Truck,Furniture,Clear,453.68,6,5.0,On-Time,0.6723945356130252,0.051775397461308145,0.03568058048374826
SC10560,2025-09-30,Hyderabad,Delhi,171.2,816.83,Mini Truck,Apparel,Rain,5048.1,7,4.0,On-Time,0.14262393676432683,0.8603930333572304,0.5780154883017345
SC10561,2025-03-03,Chennai,Delhi,108.6,435.61,Mini Truck,Pharma,Rain,5637.72,2,2.0,On-Time,0.08883924735802046,0.45848268882047827,0.6476154613881395
SC10562,2025-03-25,Delhi,Delhi,166.8,249.66,Heavy Truck,Pharma,Rain,5963.08,2,3.0,Delayed,0.13884354325973025,0.26244043351747987,0.6860216335725849
SC10563,2025-08-05,Hyderabad,Bengaluru,616.4,230.06,Bike,Furniture,Clear,882.82,6,5.0,On-Time,0.525131025002148,0.24177666259014044,0.08633716006093334
SC10564,2025-12-08,Bengaluru,Hyderabad,343.3,459.12,Van,Furniture,Clear,3737.65,7,3.0,On-Time,0.29048887361457176,0.48326867119301653,0.42332724039447306
SC10565,2025-07-06,Chennai,Chennai,454.5,842.55,Heavy Truck,Groceries,Rain,1316.83,5,5.0,On-Time,0.3860297276398317,0.8875089613292287,0.13756860458321996
SC10566,2025-01-19,Mumbai,Mumbai,21.7,359.74,Heavy Truck,Groceries,Clear,1685.68,1,2.0,Delayed,0.014176475642237306,0.37849491839919036,0.18110842696529741
SC10567,2025-06-26,Chennai,Delhi,32.4,712.36,Heavy Truck,Pharma,Rain,4511.67,3,3.0,On-Time,0.023369705301142712,0.7502530257664574,0.5146941736198373
SC10568,2025-04-10,Bengaluru,Delhi,359.4,92.43,Heavy Truck,Groceries,Storm,5869.36,7,5.0,On-Time,0.30432167712002756,0.09667692826719522,0.6749587295366671
SC10569,2025-08-21,Delhi,Hyderabad,654.2,452.52,Mini Truck,Apparel,Rain,3629.9,1,6.0,Delayed,0.5576080419280007,0.476310462615443,0.41060820593149666
SC10570,2025-03-17,Delhi,Hyderabad,708.8,942.11,Mini Truck,Electronics,Clear,5125.92,2,6.0,Delayed,0.6045192885986769,0.992472483447898,0.5872015232150415
SC10571,2025-09-22,Delhi,Bengaluru,73.9,732.03,Van,Pharma,Clear,201.97,1,1.0,On-Time,0.059025689492224434,0.7709905958756801,0.005968207725736304
SC10572,2025-10-11,Mumbai,Bengaluru,433.0,200.4,Van,Electronics,Rain,364.3,4,5.0,Delayed,0.3675573502878255,0.21050689495213598,0.02512997908884497
SC10573,2025-07-25,Hyderabad,Delhi,398.2,457.015,Heavy Truck,Groceries,Clear,3093.86,4,7.0,Delayed,0.33765787438783407,0.4810494243663813,0.3473329276620408
SC10574,2025-08-11,Hyderabad,Hyderabad,313.4,222.33,Heavy Truck,Furniture,Clear,2425.55,3,3.0,On-Time,0.26479938139015385,0.23362712436216423,0.2684442230499596
SC10575,2025-02-21,Chennai,Chennai,664.5,389.38,Heavy Truck,Pharma,Clear,5355.08,5,5.0,On-Time,0.5664575994501246,0.4097436005566567,0.614252046997275
SC10576,2025-12-05,Mumbai,Mumbai,111.3,741.19,Van,Groceries,Clear,1916.59,1,2.0,Delayed,0.09115903428129567,0.7806477459621306,0.20836552439310138
SC10577,2025-05-24,Delhi,Hyderabad,398.2,457.015,Heavy Truck,Apparel,Clear,3093.86,4,7.0,Delayed,0.33765787438783407,0.4810494243663813,0.3473329276620408
SC10578,2025-03-10,Delhi,Hyderabad,602.4,217.08,Bike,Pharma,Rain,3238.27,5,5.0,On-Time,0.5131025002147951,0.2280921857209126,0.3643793848945088
SC10579,2025-04-09,Bengaluru,Bengaluru,753.4,876.15,Van,Pharma,Storm,1747.28,7,7.0,On-Time,0.6428387318498153,0.9229325686332392,0.18837981928937486
SC10580,2025-01-25,Bengaluru,Mumbai,542.9,563.14,Bike,Furniture,Clear,5464.69,7,5.0,On-Time,0.4619812698685455,0.5929342554716823,0.6271906397349719
SC10581,2025-02-22,Delhi,Delhi,293.9,361.24,Heavy Truck,Pharma,Rain,2867.52,4,4.0,On-Time,0.24804536472205516,0.38007632943954794,0.3206152825543835
SC10582,2025-05-31,Delhi,Hyderabad,750.9,477.09,Mini Truck,Furniture,Clear,2631.31,5,5.0,On-Time,0.6406907809949309,0.5022139754565007,0.2927325620857092
SC10583,2025-05-24,Mumbai,Delhi,224.1,575.02,Bike,Groceries,Clear,5121.06,5,3.0,On-Time,0.1880745768536816,0.6054590309113146,0.5866278386907717
SC10584,2025-02-26,Hyderabad,Hyderabad,269.1,532.12,Van,Apparel,Rain,1975.07,4,4.0,On-Time,0.22673769224160156,0.5602306751570869,0.21526862541764763
SC10585,2025-02-08,Bengaluru,Delhi,562.1,462.34,Bike,Apparel,Clear,4932.17,6,5.0,On-Time,0.47847753243405805,0.4866634335596508,0.5643308695983206
SC10586,2025-04-19,Hyderabad,Mumbai,613.4,479.93,Van,Pharma,Clear,865.3,2,5.0,Delayed,0.5225534839762866,0.5052081136929112,0.08426906276356583
SC10587,2025-06-30,Mumbai,Bengaluru,398.2,457.015,Heavy Truck,Pharma,Clear,3093.86,5,6.0,Delayed,0.33765787438783407,0.4810494243663813,0.3473329276620408
SC10588,2025-02-11,Delhi,Mumbai,167.8,772.19,Bike,Groceries,Clear,5712.42,7,3.0,On-Time,0.139702723601684,0.8133302407961879,0.6564332050019153
SC10589,2025-07-05,Hyderabad,Chennai,639.4,514.9,Mini Truck,Furniture,Clear,5078.32,6,6.0,On-Time,0.5448921728670848,0.5420760764137815,0.581582720055527
SC10590,2025-08-11,Delhi,Bengaluru,592.1,124.96,Bike,Apparel,Clear,2419.21,1,4.0,Delayed,0.5042529426926713,0.13097246236241725,0.26769583624257887
SC10591,2025-05-02,Delhi,Mumbai,55.7,727.97,Mini Truck,Furniture,Clear,3884.97,6,3.0,On-Time,0.043388607268665697,0.7667102433264456,0.4407172000890037
SC10592,2025-05-13,Chennai,Chennai,312.8,885.86,Van,Groceries,Fog,5666.38,4,5.0,Delayed,0.2642838731849816,0.9331695694344876,0.6509985474921665
SC10593,2025-06-12,Hyderabad,Hyderabad,229.8,899.97,Heavy Truck,Apparel,Clear,1389.37,6,4.0,On-Time,0.19297190480281814,0.9480453759541181,0.14613137729732026
SC10594,2025-08-03,Hyderabad,Hyderabad,247.1,350.88,Heavy Truck,Apparel,Rain,495.21,2,3.0,Delayed,0.20783572471861847,0.3691540505208114,0.04058286819834139
SC10595,2025-08-09,Delhi,Delhi,786.4,129.17,Mini Truck,Electronics,Clear,3294.19,4,5.0,Delayed,0.6711916831342899,0.1354109560156876,0.37098029818610634
SC10596,2025-08-23,Mumbai,Bengaluru,516.0,492.72,Van,Groceries,Clear,984.19,3,5.0,Delayed,0.4388693186699889,0.518692278497027,0.0983030860332017
SC10597,2025-11-27,Chennai,Hyderabad,575.6,107.42,Heavy Truck,Groceries,Clear,1245.82,1,3.0,Delayed,0.490076467050434,0.11248049593050226,0.12918643625638976
SC10598,2025-05-26,Delhi,Bengaluru,781.4,887.32,Van,Electronics,Fog,5365.5,7,7.0,On-Time,0.6668957814245211,0.934708809513769,0.6154820455040427
SC10599,2025-08-27,Bengaluru,Hyderabad,304.9,174.81,Mini Truck,Furniture,Clear,193.31,3,2.0,On-Time,0.25749634848354674,0.18352802260363515,0.00494596328537087
SC10600,2025-03-17,Bengaluru,Delhi,642.5,240.5,Mini Truck,Electronics,Rain,4928.4,6,5.0,On-Time,0.5475556319271415,0.2527832834310294,0.5638858509447203
SC10601,2025-01-09,Chennai,Mumbai,350.5,386.6,Bike,Groceries,Clear,3174.16,5,3.0,On-Time,0.29667497207663895,0.40681271876186065,0.35681170694164177
SC10602,2025-03-15,Mumbai,Delhi,696.3,364.31,Heavy Truck,Furniture,Storm,3421.87,6,7.0,Delayed,0.5937795343242547,0.38331295070214655,0.38605191136692146
SC10603,2025-09-10,Delhi,Chennai,148.6,755.03,Heavy Truck,Apparel,Rain,4079.84,7,4.0,On-Time,0.12320646103617151,0.7952388984944968,0.4637200608388897
SC10604,2025-08-18,Hyderabad,Hyderabad,758.4,433.77,Bike,Electronics,Rain,2673.95,7,6.0,On-Time,0.6471346335595842,0.4565428246109729,0.29776587651263553
SC10605,2025-01-07,Chennai,Chennai,178.9,162.64,Mini Truck,Furniture,Fog,826.33,5,4.0,On-Time,0.14923962539737093,0.1706975076962004,0.0796689627819214
SC10606,2025-06-23,Mumbai,Chennai,264.3,254.22,Mini Truck,Furniture,Rain,751.5,3,3.0,On-Time,0.22261362660022344,0.267247923080167,0.07083587369733182
SC10607,2025-05-21,Hyderabad,Bengaluru,606.2,483.9,Mini Truck,Furniture,Rain,4563.02,3,5.0,Delayed,0.5163673855142196,0.5093935815797243,0.5207556345912883
SC10608,2025-06-17,Bengaluru,Hyderabad,318.0,140.51,Mini Truck,Electronics,Clear,1443.06,5,3.0,On-Time,0.2687516109631412,0.14736642348079113,0.1524690567434196
SC10609,2025-06-19,Bengaluru,Chennai,488.5,581.27,Van,Apparel,Clear,314.39,2,5.0,Delayed,0.41524185926626006,0.6120482435794713,0.019238498717177664
SC10610,2025-10-10,Hyderabad,Mumbai,358.4,537.68,Heavy Truck,Furniture,Rain,5880.74,1,5.0,Delayed,0.30346249677807374,0.566092438746679,0.6763020484432906
SC10611,2025-05-02,Chennai,Chennai,595.2,679.11,Heavy Truck,Electronics,Clear,5885.29,4,4.0,On-Time,0.506916401752728,0.7151984143718636,0.6768391399217736
SC10612,2025-07-13,Bengaluru,Mumbai,186.5,890.85,Mini Truck,Groceries,Clear,2362.13,3,3.0,On-Time,0.1557693959962196,0.9384303968287439,0.26095799413448895
SC10613,2025-01-05,Delhi,Bengaluru,398.2,457.015,Mini Truck,Electronics,Clear,3093.86,1,3.0,Delayed,0.33765787438783407,0.4810494243663813,0.3473329276620408
SC10614,2025-01-29,Hyderabad,Chennai,243.4,898.8,Mini Truck,Electronics,Clear,4404.5,4,4.0,On-Time,0.2046567574533895,0.9468118753426391,0.502043603565107
SC10615,2025-06-14,Hyderabad,Delhi,382.1,232.86,Heavy Truck,Electronics,Rain,5011.42,6,5.0,On-Time,0.32382507088237833,0.24472862986547467,0.5736857046905792
SC10616,2025-12-05,Bengaluru,Bengaluru,138.6,125.42,Heavy Truck,Furniture,Clear,881.33,4,2.0,On-Time,0.11461465761663375,0.13145742841479358,0.08616127735699056
SC10617,2025-05-16,Chennai,Mumbai,287.1,287.51,Mini Truck,Electronics,Storm,942.43,3,6.0,Delayed,0.24220293839676954,0.3023447054358369,0.09337364863947645
SC10618,2025-12-31,Delhi,Bengaluru,323.0,850.38,Van,Groceries,Fog,4960.01,2,5.0,Delayed,0.2730475126729101,0.8957639269598955,0.5676171611941374
SC10619,2025-11-17,Chennai,Chennai,50.6,923.46,Bike,Furniture,Fog,5543.16,2,4.0,Delayed,0.039006787524701436,0.9728102728461183,0.6364534020023479
SC10620,2025-12-08,Mumbai,Hyderabad,468.7,816.43,Bike,Groceries,Clear,4775.92,1,5.0,Delayed,0.3982300884955753,0.8599713237464682,0.545886794100965
SC10621,2025-05-25,Mumbai,Hyderabad,708.1,104.96,Bike,Pharma,Clear,1324.36,6,5.0,On-Time,0.6039178623593093,0.10988698182431578,0.1384574614695885
SC10622,2025-11-23,Bengaluru,Mumbai,125.6,900.08,Heavy Truck,Electronics,Storm,2557.4,1,5.0,Delayed,0.10344531317123466,0.9481613460970777,0.2840080717176481
SC10623,2025-08-05,Bengaluru,Mumbai,480.3,402.48,Heavy Truck,Furniture,Fog,3664.93,5,6.0,Delayed,0.4081965804622391,0.4235545903091132,0.41474322010539977
SC10624,2025-10-28,Bengaluru,Hyderabad,533.5,9.34,Bike,Furniture,Rain,1087.72,2,4.0,Delayed,0.45390497465418,0.009077299371652681,0.1105239829051455
SC10625,2025-05-12,Mumbai,Mumbai,338.4,420.55,Bike,Electronics,Clear,1382.02,1,3.0,Delayed,0.28627888993899825,0.44260532197528785,0.14526376798592466
SC10626,2025-10-19,Chennai,Bengaluru,562.4,44.24,Van,Apparel,Clear,1804.88,5,4.0,On-Time,0.4787352865366441,0.04587146291063974,0.19517904328072003
SC10627,2025-03-11,Chennai,Delhi,331.5,516.91,Heavy Truck,Apparel,Rain,3130.65,6,4.0,On-Time,0.2803505455795172,0.5441951672078608,0.3516756959023462
SC10628,2025-09-09,Bengaluru,Delhi,406.2,321.96,Heavy Truck,Groceries,Clear,3138.21,7,4.0,On-Time,0.3445313171234643,0.33866444566271664,0.3525680940512102
SC10629,2025-10-02,Delhi,Bengaluru,10.8,450.03,Bike,Electronics,Rain,4913.62,4,2.0,On-Time,0.004811409914941148,0.4736853202884494,0.5621411889552744
SC10630,2025-12-30,Chennai,Delhi,554.9,582.71,Van,Electronics,Rain,4555.11,1,6.0,Delayed,0.4722914339719908,0.6135663981782146,0.51982192171331
SC10631,2025-07-01,Mumbai,Chennai,398.2,457.015,Van,Pharma,Clear,3093.86,5,6.0,Delayed,0.33765787438783407,0.4810494243663813,0.3473329276620408
SC10632,2025-06-16,Hyderabad,Bengaluru,35.5,628.98,Bike,Apparel,Clear,5022.48,2,2.0,On-Time,0.02603316436119942,0.6623476574031123,0.574991250130584
SC10633,2025-04-01,Hyderabad,Mumbai,297.8,412.63,Bike,Apparel,Clear,1635.18,4,3.0,On-Time,0.25139616805567494,0.43425547168219963,0.1751473017645521
SC10634,2025-07-21,Hyderabad,Bengaluru,783.3,778.55,Heavy Truck,Electronics,Storm,2088.09,1,9.0,Delayed,0.6685282240742332,0.8200354236073041,0.22860974165899886
SC10635,2025-12-12,Delhi,Hyderabad,339.5,860.35,Bike,Groceries,Rain,3077.48,2,5.0,Delayed,0.2872239883151474,0.9062750390081391,0.34539939833950206
SC10636,2025-01-19,Bengaluru,Mumbai,404.0,114.21,Mini Truck,Electronics,Rain,233.49,7,4.0,On-Time,0.342641120371166,0.1196390165731877,0.009688894187666847
SC10637,2025-02-08,Mumbai,Hyderabad,728.4,505.57,Van,Groceries,Rain,5437.83,4,5.0,Delayed,0.6213592233009709,0.5322396997427572,0.6240200293806746
SC10638,2025-05-06,Delhi,Mumbai,575.2,270.64,Bike,Apparel,Rain,409.41,3,6.0,Delayed,0.4897327949136525,0.2845591026019483,0.03045485746123351
SC10639,2025-06-22,Mumbai,Delhi,467.7,45.18,Mini Truck,Pharma,Rain,2036.28,2,6.0,Delayed,0.3973709081536215,0.0468624804959305,0.2224939813292837
SC10640,2025-05-21,Mumbai,Bengaluru,639.3,635.29,Van,Furniture,Clear,3479.67,3,5.0,Delayed,0.5448062548328895,0.6690001265128833,0.3928747437749032
SC10641,2025-08-30,Bengaluru,Chennai,692.2,819.7,Mini Truck,Apparel,Clear,3179.37,6,6.0,On-Time,0.5902568949222443,0.8634187998144479,0.3574267061950256
SC10642,2025-08-08,Hyderabad,Mumbai,368.2,155.18,Mini Truck,Groceries,Clear,3978.59,1,3.0,Delayed,0.31188246412922077,0.16283262345548857,0.45176829991660333
SC10643,2025-05-06,Bengaluru,Mumbai,382.7,771.89,Bike,Electronics,Clear,3235.99,7,3.0,On-Time,0.32434057908755054,0.8130139585881163,0.36411024894485133
SC10644,2025-02-27,Delhi,Hyderabad,311.9,810.8,Van,Apparel,Clear,1489.66,5,3.0,On-Time,0.26351061087722316,0.8540357609749927,0.15796981781975092
SC10645,2025-05-28,Delhi,Delhi,773.5,868.67,Mini Truck,Pharma,Clear,1326.31,1,7.0,Delayed,0.6601082567230863,0.9150465989119893,0.13868764353179552
SC10646,2025-11-13,Delhi,Hyderabad,559.2,252.39,Heavy Truck,Groceries,Fog,5457.4,2,6.0,Delayed,0.4759859094423921,0.26531860161093074,0.6263301129485673
SC10647,2025-12-27,Bengaluru,Hyderabad,71.2,858.8,Van,Electronics,Clear,1694.21,3,2.0,On-Time,0.05670590256894924,0.9046409142664362,0.18211532593484903
SC10648,2025-01-01,Mumbai,Delhi,691.1,304.97,Heavy Truck,Furniture,Clear,1793.72,3,5.0,Delayed,0.5893117965460951,0.3207523299455995,0.1938616936323969
SC10649,2025-12-14,Mumbai,Chennai,387.0,524.94,Bike,Groceries,Clear,2565.77,4,5.0,Delayed,0.3280350545579518,0.5526609876439086,0.2849960839538904
SC10650,2025-07-09,Chennai,Hyderabad,59.7,48.46,Heavy Truck,Electronics,Rain,965.71,1,2.0,Delayed,0.04682532863648081,0.050320499304179145,0.09612166833597846
SC10651,2025-07-10,Delhi,Hyderabad,442.0,42.17,Van,Furniture,Clear,3117.55,1,3.0,Delayed,0.3752899733654095,0.04368911567494623,0.3501293446126479
SC10652,2025-11-08,Mumbai,Mumbai,336.6,684.49,Mini Truck,Electronics,Clear,4040.44,2,3.0,Delayed,0.2847323653234815,0.7208704086366129,0.4590692027614765
SC10653,2025-04-27,Chennai,Delhi,702.8,422.53,Mini Truck,Furniture,Clear,4748.1,3,5.0,Delayed,0.5993642065469542,0.44469278454855987,0.5426028633468118
SC10654,2025-05-14,Mumbai,Bengaluru,398.2,457.015,Van,Furniture,Clear,3093.86,2,3.0,Delayed,0.33765787438783407,0.4810494243663813,0.3473329276620408
SC10655,2025-02-27,Delhi,Chennai,662.0,181.3,Mini Truck,Furniture,Storm,1013.67,2,7.0,Delayed,0.5643096485952402,0.19037026103824908,0.10178296664543876
SC10656,2025-02-13,Hyderabad,Chennai,448.4,636.62,Heavy Truck,Electronics,Storm,2817.99,6,6.0,On-Time,0.38078872755391363,0.6704023109686671,0.31476865817432576
SC10657,2025-06-22,Delhi,Delhi,48.4,0.88,Mini Truck,Furniture,Clear,375.73,3,2.0,On-Time,0.03711659077240313,0.000158141104035761,0.026479200099627523
SC10658,2025-06-09,Bengaluru,Mumbai,777.6,765.69,Mini Truck,Groceries,Rain,254.12,2,6.0,Delayed,0.6636308961250967,0.8064774596213049,0.012124102363733697
SC10659,2025-06-22,Mumbai,Mumbai,412.5,75.75,Heavy Truck,Pharma,Clear,2724.76,3,3.0,On-Time,0.34994415327777306,0.07909163749841859,0.30376359475916764
SC10660,2025-11-13,Mumbai,Delhi,236.2,182.32,Heavy Truck,Pharma,Clear,1629.82,2,2.0,On-Time,0.1984706589913223,0.19144562054569222,0.17451459619869078
SC10661,2025-10-30,Bengaluru,Mumbai,378.2,367.23,Heavy Truck,Furniture,Clear,4147.66,5,3.0,On-Time,0.3204742675487586,0.3863914308607094,0.4717256749203659
SC10662,2025-05-29,Bengaluru,Chennai,687.0,460.87,Bike,Pharma,Clear,4386.81,2,5.0,Delayed,0.5857891571440846,0.4851136507401004,0.4999554391135985
SC10663,2025-03-21,Hyderabad,Chennai,247.4,337.57,Heavy Truck,Pharma,Rain,5388.11,2,4.0,Delayed,0.2080934788212046,0.35512166322270483,0.618150977004812
SC10664,2025-08-01,Mumbai,Bengaluru,158.2,305.02,Heavy Truck,Furniture,Clear,4599.99,7,2.0,On-Time,0.13145459231892775,0.32080504364694473,0.5251196504065665
SC10665,2025-07-22,Mumbai,Delhi,107.6,915.74,Bike,Furniture,Clear,432.23,5,3.0,On-Time,0.08798006701606668,0.9646712773584111,0.03314857779947129
SC10666,2025-09-09,Hyderabad,Hyderabad,241.8,609.68,Mini Truck,Groceries,Clear,2323.99,1,3.0,Delayed,0.20328206890626346,0.6420001686838444,0.2564558690818864
SC10667,2025-08-17,Chennai,Hyderabad,625.1,22.75,Heavy Truck,Apparel,Clear,1747.19,3,5.0,Delayed,0.5326058939771459,0.023215114072449715,0.18836919550188838
SC10668,2025-06-13,Hyderabad,Bengaluru,379.9,408.95,Van,Electronics,Rain,2408.87,7,4.0,On-Time,0.32193487413008,0.430375743263189,0.2664752811024659
SC10669,2025-08-15,Delhi,Bengaluru,185.8,831.32,Heavy Truck,Furniture,Rain,1086.44,4,4.0,On-Time,0.155167969756852,0.8756694640070849,0.11037288903867118
SC10670,2025-05-27,Mumbai,Mumbai,137.1,286.73,Heavy Truck,Furniture,Rain,721.57,5,4.0,On-Time,0.11332588710370309,0.30152237169485097,0.0673028741476624
SC10671,2025-01-20,Bengaluru,Bengaluru,398.2,457.015,Bike,Pharma,Clear,3093.86,7,4.0,On-Time,0.33765787438783407,0.4810494243663813,0.3473329276620408
SC10672,2025-02-16,Delhi,Bengaluru,752.2,720.59,Van,Groceries,Clear,4364.23,1,7.0,Delayed,0.6418077154394709,0.7589297010078861,0.4972900488753246
SC10673,2025-08-21,Mumbai,Hyderabad,277.7,575.91,Mini Truck,Pharma,Clear,4256.18,2,3.0,Delayed,0.234126643182404,0.60639733479526,0.4845356017873933
SC10674,2025-11-01,Hyderabad,Mumbai,398.2,457.015,Mini Truck,Furniture,Clear,3093.86,6,8.0,Delayed,0.33765787438783407,0.4810494243663813,0.3473329276620408
SC10675,2025-01-14,Delhi,Bengaluru,398.2,457.015,Van,Furniture,Clear,3093.86,1,6.0,Delayed,0.33765787438783407,0.4810494243663813,0.3473329276620408
SC10676,2025-05-23,Mumbai,Bengaluru,147.4,133.9,Heavy Truck,Pharma,Rain,3170.52,5,3.0,On-Time,0.12217544462582698,0.1403976721629486,0.3563820337588554
SC10677,2025-01-01,Chennai,Mumbai,713.5,591.61,Bike,Furniture,Clear,4195.69,6,5.0,On-Time,0.6085574362058597,0.6229494370176697,0.47739523617564894
SC10678,2025-02-23,Chennai,Delhi,371.0,197.83,Van,Apparel,Clear,430.36,2,3.0,Delayed,0.3142881690866914,0.20779741070298993,0.03292783910391894
SC10679,2025-09-16,Bengaluru,Mumbai,569.2,479.11,Van,Electronics,Clear,4302.89,1,4.0,Delayed,0.48457771286192985,0.504343608990849,0.49004934749287477
SC10680,2025-05-24,Mumbai,Hyderabad,787.1,517.87,Mini Truck,Electronics,Fog,3555.88,4,7.0,Delayed,0.6717931093736577,0.5452072702736896,0.40187073093428544
SC10681,2025-01-12,Chennai,Delhi,44.9,269.69,Bike,Electronics,Rain,1308.94,3,2.0,On-Time,0.03410945957556491,0.2835575422763885,0.1366372525469055
SC10682,2025-11-26,Hyderabad,Chennai,81.9,901.03,Van,Apparel,Fog,436.99,3,4.0,Delayed,0.06589913222785465,0.9491629064226375,0.03371045811542273
SC10683,2025-08-12,Mumbai,Mumbai,577.8,800.42,Bike,Furniture,Rain,784.89,5,7.0,Delayed,0.49196666380273224,0.843092396575718,0.07477729885481474
SC10684,2025-09-29,Hyderabad,Hyderabad,229.1,686.39,Heavy Truck,Pharma,Clear,3219.44,7,3.0,On-Time,0.1923704785634505,0.7228735292877325,0.36215665246817147
SC10685,2025-12-24,Hyderabad,Delhi,151.5,74.56,Mini Truck,Groceries,Clear,4586.69,2,2.0,On-Time,0.12569808402783744,0.07783705140640156,0.5235496907002315
SC10686,2025-06-05,Chennai,Mumbai,36.3,101.27,Heavy Truck,Furniture,Clear,2107.75,2,2.0,On-Time,0.026720508634762438,0.10599671066503606,0.23093044901437812
SC10687,2025-01-08,Mumbai,Bengaluru,22.4,468.4,Bike,Apparel,Clear,2367.87,3,2.0,On-Time,0.014777901881604948,0.49305233416269556,0.26163555569195973
SC10688,2025-05-02,Delhi,Mumbai,620.7,153.1,Heavy Truck,Apparel,Clear,5614.76,1,5.0,Delayed,0.5288255004725493,0.160639733479526,0.6449052151582562
SC10689,2025-12-14,Chennai,Chennai,111.9,929.36,Mini Truck,Electronics,Rain,1396.13,2,4.0,Delayed,0.09167454248646793,0.9790304896048582,0.14692934177963787
SC10690,2025-06-13,Chennai,Mumbai,376.8,151.01,Bike,Furniture,Rain,756.93,4,4.0,On-Time,0.31927141507002327,0.1584363007632944,0.07147684220901593
SC10691,2025-03-31,Mumbai,Delhi,486.7,463.35,Van,Electronics,Clear,2158.95,4,4.0,On-Time,0.41369533465074326,0.487728250326825,0.23697420367335156
SC10692,2025-05-16,Mumbai,Delhi,345.5,346.23,Heavy Truck,Groceries,Clear,4513.64,2,3.0,Delayed,0.29237907036687005,0.3642516762957028,0.5149267165237079
SC10693,2025-07-05,Hyderabad,Mumbai,398.2,457.015,Mini Truck,Electronics,Clear,3093.86,2,3.0,Delayed,0.33765787438783407,0.4810494243663813,0.3473329276620408
SC10694,2025-11-12,Mumbai,Delhi,627.9,123.02,Van,Groceries,Rain,2582.4,3,6.0,Delayed,0.5350115989346164,0.1289271707502214,0.286959123797225
SC10695,2025-06-27,Hyderabad,Bengaluru,13.4,409.09,Mini Truck,Apparel,Clear,5793.8,5,1.0,On-Time,0.007045278804020965,0.43052334162695566,0.666039469731354
SC10696,2025-01-28,Chennai,Mumbai,610.7,261.33,Bike,Electronics,Clear,4449.73,3,6.0,Delayed,0.5202336970530115,0.2747438114114621,0.5073826469874775
SC10697,2025-08-08,Bengaluru,Bengaluru,715.2,843.42,Bike,Electronics,Fog,511.89,5,8.0,Delayed,0.6100180427871811,0.8884261797326362,0.04255181014583509
SC10698,2025-12-23,Delhi,Bengaluru,349.1,39.04,Heavy Truck,Pharma,Clear,4506.09,4,3.0,On-Time,0.2954721195979037,0.04038923797073335,0.5140354987956757
SC10699,2025-02-10,Chennai,Hyderabad,430.8,868.08,Mini Truck,Apparel,Clear,290.63,5,5.0,On-Time,0.3656671535355272,0.9144245772361154,0.016433818820747785
SC10700,2025-08-16,Mumbai,Mumbai,384.2,791.43,Mini Truck,Pharma,Rain,3954.39,3,4.0,Delayed,0.3256293496004812,0.8336144730738414,0.44891168150357286
SC10701,2025-07-11,Delhi,Delhi,314.4,283.04,Mini Truck,Groceries,Rain,1381.32,2,4.0,Delayed,0.2656585617321076,0.29763210053557126,0.14518113852769648
SC10702,2025-05-25,Bengaluru,Bengaluru,710.5,749.93,Bike,Groceries,Rain,4224.19,5,7.0,Delayed,0.6059798951799984,0.7898621009572808,0.48075943554636663
SC10703,2025-07-20,Bengaluru,Hyderabad,715.7,30.14,Heavy Truck,Apparel,Clear,1962.21,3,5.0,Delayed,0.6104476329581581,0.031006199131278205,0.21375060422791328
SC10704,2025-07-31,Hyderabad,Mumbai,272.0,918.54,Mini Truck,Groceries,Clear,5257.09,4,2.0,On-Time,0.22922931523326748,0.9676232446337453,0.6026851032661654
SC10705,2025-08-08,Delhi,Mumbai,494.0,500.5,Mini Truck,Apparel,Rain,2120.95,6,5.0,On-Time,0.41996735114700584,0.5268945304263485,0.2324886045123947
SC10706,2025-08-28,Hyderabad,Chennai,741.9,288.47,Van,Groceries,Clear,3775.22,5,5.0,On-Time,0.6329581579173469,0.3033568085016658,0.4277620814596612
SC10707,2025-02-15,Chennai,Chennai,769.8,344.77,Mini Truck,Furniture,Rain,1822.68,4,6.0,Delayed,0.6569292894578572,0.36271243621642135,0.19728019236137875
SC10708,2025-02-04,Delhi,Bengaluru,409.6,63.55,Heavy Truck,Electronics,Fog,5515.75,4,5.0,Delayed,0.3474525302861072,0.0662294943701767,0.6332178685022998
SC10709,2025-09-10,Chennai,Chennai,365.0,939.89,Van,Furniture,Fog,4718.83,1,6.0,Delayed,0.3091330870349687,0.9901319951081686,0.5391477715720432
SC10710,2025-03-23,Hyderabad,Bengaluru,226.6,37.81,Van,Apparel,Clear,1573.32,6,1.0,On-Time,0.19022252770856604,0.039092480917640116,0.167845218498847
SC10711,2025-09-13,Delhi,Delhi,767.3,622.33,Van,Apparel,Clear,5700.46,5,7.0,Delayed,0.6547813386029728,0.6553367351241937,0.6550214216870457
SC10712,2025-07-16,Hyderabad,Bengaluru,118.5,420.88,Bike,Furniture,Clear,2239.37,3,3.0,On-Time,0.09734513274336286,0.4429532324041665,0.24646714800293454
SC10713,2025-10-30,Delhi,Chennai,466.0,901.5,Van,Electronics,Rain,3963.41,5,4.0,On-Time,0.3959103015723001,0.9496584152152828,0.4499764210938842
SC10714,2025-01-10,Hyderabad,Delhi,229.6,234.08,Mini Truck,Electronics,Clear,4495.69,5,3.0,On-Time,0.19280006873442737,0.24601484417829886,0.5128078611305716
SC10715,2025-11-08,Bengaluru,Chennai,226.8,505.72,Bike,Pharma,Clear,283.98,6,3.0,On-Time,0.19039436377695682,0.532397840846793,0.015648838967580334
SC10716,2025-10-13,Hyderabad,Bengaluru,327.0,458.5,Bike,Groceries,Clear,5759.96,7,4.0,On-Time,0.2764842340407252,0.4826150212963354,0.6620449256364387
SC10717,2025-08-30,Bengaluru,Hyderabad,799.0,667.87,Bike,Pharma,Clear,2164.98,4,6.0,Delayed,0.6820173554429075,0.7033483743094506,0.23768599743494553
SC10718,2025-09-08,Hyderabad,Mumbai,398.2,457.015,Bike,Electronics,Clear,3093.86,4,2.0,On-Time,0.33765787438783407,0.4810494243663813,0.3473329276620408
SC10719,2025-12-31,Delhi,Chennai,464.9,184.5,Bike,Furniture,Clear,5126.64,4,4.0,On-Time,0.3949652031961509,0.1937439379243453,0.5872865135149333
SC10720,2025-01-05,Delhi,Bengaluru,70.6,204.23,Bike,Groceries,Rain,4261.96,4,2.0,On-Time,0.05619039436377696,0.2145447644751824,0.4852178850281914
SC10721,2025-04-29,Delhi,Delhi,127.8,701.37,Bike,Furniture,Clear,657.45,6,2.0,On-Time,0.10533550992353297,0.7386665542107705,0.05973401577396358
SC10722,2025-10-16,Mumbai,Chennai,354.5,180.09,Van,Pharma,Clear,834.71,3,2.0,On-Time,0.30011169344445404,0.18909458946569394,0.08065815543899557
SC10723,2025-03-06,Chennai,Chennai,410.8,545.03,Heavy Truck,Apparel,Rain,4333.87,2,5.0,Delayed,0.34848354669645165,0.5738413528444314,0.4937062912298864
SC10724,2025-05-26,Delhi,Mumbai,210.7,204.87,Mini Truck,Furniture,Rain,587.48,1,3.0,Delayed,0.176561560271501,0.21521949985240166,0.05147461121364378
SC10725,2025-08-12,Bengaluru,Bengaluru,256.6,818.61,Mini Truck,Pharma,Clear,5515.48,7,2.0,On-Time,0.21599793796717937,0.8622696411251214,0.6331859971398403
SC10726,2025-08-27,Delhi,Hyderabad,74.1,895.11,Van,Pharma,Clear,4488.01,7,2.0,On-Time,0.05919752556061518,0.9429216041833595,0.5119012979317257
SC10727,2025-06-26,Mumbai,Delhi,246.1,492.81,Van,Pharma,Rain,2112.63,4,4.0,On-Time,0.20697654437666468,0.5187871631594485,0.23150649438031154
SC10728,2025-09-24,Bengaluru,Bengaluru,773.4,335.02,Bike,Apparel,Clear,2273.19,4,5.0,Delayed,0.6600223386888908,0.3524332644540969,0.2504593312561862
SC10729,2025-12-07,Mumbai,Delhi,398.2,457.015,Heavy Truck,Apparel,Clear,3093.86,1,5.0,Delayed,0.33765787438783407,0.4810494243663813,0.3473329276620408
SC10730,2025-10-09,Bengaluru,Chennai,398.2,457.015,Bike,Apparel,Clear,3093.86,4,3.0,On-Time,0.33765787438783407,0.4810494243663813,0.3473329276620408
SC10731,2025-03-04,Hyderabad,Mumbai,458.8,255.44,Van,Groceries,Clear,4733.29,2,2.0,On-Time,0.3897242031102329,0.2685341373929912,0.5408546600948705
SC10732,2025-08-05,Chennai,Mumbai,728.1,621.7,Bike,Apparel,Clear,5852.21,7,5.0,On-Time,0.6211014691983848,0.6546725424872434,0.6729343078100775
SC10733,2025-12-08,Chennai,Hyderabad,9.9,507.17,Mini Truck,Apparel,Fog,3569.45,5,3.0,On-Time,0.004038147607182749,0.5339265381858054,0.40347256200307974
SC10734,2025-11-11,Mumbai,Mumbai,649.5,896.87,Mini Truck,Apparel,Rain,2759.32,1,6.0,Delayed,0.553569894320818,0.9447771264707124,0.3078431291539747
SC10735,2025-10-10,Chennai,Chennai,759.0,376.77,Bike,Furniture,Clear,1453.23,7,5.0,On-Time,0.6476501417647565,0.39644920507738374,0.15366954472939148
SC10736,2025-06-26,Mumbai,Hyderabad,77.6,659.32,Heavy Truck,Apparel,Clear,3972.59,3,1.0,On-Time,0.0622046567574534,0.6943343313794123,0.4510600474175049
SC10737,2025-04-08,Mumbai,Bengaluru,133.4,465.11,Bike,Groceries,Rain,4160.62,7,2.0,On-Time,0.11014691983847412,0.4895837726141779,0.4732555003184185
SC10738,2025-04-15,Mumbai,Mumbai,768.8,487.19,Bike,Pharma,Clear,4158.37,1,5.0,Delayed,0.6560701091159035,0.512862143128242,0.4729899056312566
SC10739,2025-04-09,Chennai,Hyderabad,432.3,254.75,Heavy Truck,Furniture,Clear,307.86,2,4.0,Delayed,0.36695592404845784,0.2678066883144267,0.01846768391399218
SC10740,2025-11-07,Mumbai,Chennai,16.3,432.48,Heavy Truck,Electronics,Rain,5409.86,6,4.0,On-Time,0.009536901795686916,0.4551828111162654,0.6207183923140439
SC10741,2025-01-06,Chennai,Delhi,209.8,447.51,Heavy Truck,Apparel,Fog,2127.92,3,4.0,Delayed,0.17578829796374262,0.4710285497406486,0.23331135783218074
SC10742,2025-07-16,Mumbai,Delhi,362.7,671.46,Mini Truck,Pharma,Clear,4503.37,5,4.0,On-Time,0.307156972248475,0.7071332180660399,0.5137144243294177
SC10743,2025-12-17,Delhi,Chennai,555.9,893.64,Bike,Pharma,Rain,4594.87,4,5.0,Delayed,0.47315061431394456,0.9413718213638089,0.5245152749406691
SC10744,2025-05-13,Mumbai,Chennai,587.9,313.19,Van,Furniture,Clear,3955.75,1,3.0,Delayed,0.5006443852564654,0.32941846244675915,0.44907221873670183
SC10745,2025-12-24,Bengaluru,Delhi,796.4,40.57,Heavy Truck,Electronics,Clear,2459.97,3,7.0,Delayed,0.6797834865538277,0.042002277231898116,0.272507231553121
SC10746,2025-09-16,Mumbai,Hyderabad,233.6,471.73,Heavy Truck,Groceries,Clear,3709.05,1,2.0,Delayed,0.1962367901022425,0.4965630666722895,0.4199512368154371
SC10747,2025-01-23,Hyderabad,Delhi,432.9,517.47,Bike,Pharma,Rain,385.16,5,5.0,On-Time,0.3674714322536301,0.5447855606629276,0.02759233694404393
SC10748,2025-02-22,Mumbai,Chennai,429.0,160.43,Van,Pharma,Rain,4607.09,1,4.0,Delayed,0.3641206289200104,0.1683675620967402,0.5259577491971663
SC10749,2025-06-14,Bengaluru,Mumbai,327.5,722.56,Bike,Pharma,Rain,732.59,7,5.0,On-Time,0.2769138242117021,0.761006620840889,0.06860369790433987
SC10750,2025-07-21,Bengaluru,Bengaluru,139.5,935.69,Bike,Pharma,Clear,2470.99,7,3.0,On-Time,0.11538791992439215,0.9857040441951673,0.2738080553097985
SC10751,2025-03-24,Chennai,Mumbai,782.1,898.51,Heavy Truck,Furniture,Clear,756.17,3,7.0,Delayed,0.6674972076638888,0.9465061358748367,0.07138713022579679
SC10752,2025-05-25,Delhi,Mumbai,683.4,187.65,Heavy Truck,Electronics,Clear,5046.89,2,5.0,Delayed,0.582696107913051,0.1970649011090963,0.577872657381083
SC10753,2025-03-26,Mumbai,Chennai,401.2,831.66,Mini Truck,Pharma,Clear,3369.27,6,5.0,On-Time,0.3402354154136954,0.8760279171762325,0.37984289779149166
SC10754,2025-03-19,Chennai,Delhi,484.6,669.42,Van,Groceries,Clear,4192.09,3,4.0,Delayed,0.41189105593264036,0.7049824990511534,0.47697028467618996
SC10755,2025-01-01,Delhi,Hyderabad,185.7,431.43,Van,Groceries,Storm,4143.11,1,5.0,Delayed,0.1550820517226566,0.45407582338801505,0.47118858344188286
SC10756,2025-02-20,Mumbai,Mumbai,437.3,513.81,Heavy Truck,Apparel,Rain,5073.4,5,4.0,On-Time,0.37125182575822674,0.540926917724455,0.5810019530062662
SC10757,2025-06-22,Hyderabad,Delhi,557.5,807.2,Heavy Truck,Pharma,Clear,925.53,7,5.0,On-Time,0.47452530286107064,0.8502403744781345,0.0913787374336825
SC10758,2025-07-24,Mumbai,Hyderabad,414.6,456.39,Heavy Truck,Pharma,Clear,4009.41,4,4.0,On-Time,0.351748431995876,0.48039050309956566,0.4554063569203057
SC10759,2025-09-17,Bengaluru,Mumbai,792.3,354.86,Van,Pharma,Clear,3514.53,4,5.0,Delayed,0.6762608471518172,0.3733500611478936,0.3969896907946653
SC10760,2025-10-15,Bengaluru,Hyderabad,491.0,468.84,Mini Truck,Pharma,Rain,330.75,5,6.0,Delayed,0.4173898101211445,0.4935162147345338,0.02116966719805278
SC10761,2025-02-03,Hyderabad,Delhi,299.9,550.38,Van,Pharma,Rain,1328.32,1,4.0,Delayed,0.25320044677377784,0.5794817188883735,0.1389249081189935
SC10762,2025-12-14,Chennai,Bengaluru,618.9,180.03,Heavy Truck,Groceries,Rain,1715.29,6,7.0,Delayed,0.5272789758570324,0.18903133302407962,0.18460365304834825
SC10763,2025-04-05,Delhi,Delhi,140.5,855.91,Heavy Truck,Electronics,Clear,574.45,5,4.0,On-Time,0.11624710026634592,0.9015940623286806,0.0499365228697683
SC10764,2025-03-13,Mumbai,Chennai,398.2,457.015,Mini Truck,Electronics,Clear,3093.86,1,3.0,Delayed,0.33765787438783407,0.4810494243663813,0.3473329276620408
SC10765,2025-02-08,Bengaluru,Hyderabad,280.8,601.79,Bike,Apparel,Storm,309.13,3,6.0,Delayed,0.23679010224246072,0.6336819466115633,0.018617597359634683
SC10766,2025-06-03,Chennai,Bengaluru,348.3,94.97,Bike,Groceries,Storm,3386.12,6,6.0,On-Time,0.29478477532434066,0.0993547842955341,0.38183190689312646
SC10767,2025-09-07,Hyderabad,Hyderabad,626.5,574.16,Van,Pharma,Clear,1387.28,2,5.0,Delayed,0.5338087464558812,0.6045523552481762,0.14588466934346764
SC10768,2025-06-11,Bengaluru,Hyderabad,389.9,115.35,Bike,Electronics,Clear,1828.97,1,2.0,Delayed,0.33052667754961773,0.12084088896385949,0.1980226770646003
SC10769,2025-04-28,Hyderabad,Mumbai,636.2,75.22,Bike,Furniture,Clear,5476.26,4,4.0,On-Time,0.5421427957728329,0.0785328722641589,0.6285563866374002
SC10770,2025-09-16,Mumbai,Chennai,463.3,501.18,Van,Furniture,Fog,3091.48,4,5.0,Delayed,0.39359051464902495,0.527611436764644,0.34705198750406513
SC10771,2025-11-02,Delhi,Hyderabad,276.9,382.94,Heavy Truck,Furniture,Rain,1723.73,7,3.0,On-Time,0.23343929890884096,0.40295407582338805,0.18559992823041344
SC10772,2025-09-25,Bengaluru,Delhi,648.9,559.58,Bike,Pharma,Rain,3651.0,6,6.0,On-Time,0.5530543861156457,0.5891810399359003,0.41309889388665955
SC10773,2025-02-23,Bengaluru,Delhi,194.4,85.22,Heavy Truck,Pharma,Clear,1329.78,2,3.0,Delayed,0.16255692069765446,0.08907561253320963,0.13909724956044078
SC10774,2025-08-24,Mumbai,Mumbai,398.2,457.015,Van,Apparel,Clear,3093.86,1,3.0,Delayed,0.33765787438783407,0.4810494243663813,0.3473329276620408
SC10775,2025-08-10,Chennai,Chennai,406.1,166.46,Heavy Truck,Apparel,Clear,272.3,2,3.0,Delayed,0.3444453990892689,0.1747248344789778,0.01427010743600201
SC10776,2025-09-08,Delhi,Chennai,212.4,937.75,Heavy Truck,Apparel,Fog,5716.44,7,5.0,On-Time,0.17802216685282243,0.9878758486905918,0.6569077341763112
SC10777,2025-11-09,Bengaluru,Delhi,12.2,533.31,Van,Furniture,Clear,4388.97,3,1.0,On-Time,0.006014262393676433,0.5614852612491039,0.5002104100132739
SC10778,2025-04-22,Delhi,Bengaluru,520.4,653.22,Heavy Truck,Pharma,Rain,4829.7,2,5.0,Delayed,0.44264971217458554,0.6879032598152913,0.5522350973345508
SC10779,2025-09-12,Bengaluru,Mumbai,411.3,309.48,Bike,Furniture,Clear,5888.37,3,4.0,Delayed,0.3489131368674286,0.32550710580694137,0.6772027095379775
SC10780,2025-10-30,Delhi,Mumbai,359.2,90.45,Bike,Apparel,Fog,5600.03,4,4.0,On-Time,0.3041498410516368,0.09458946569392317,0.6431664552729693
SC10781,2025-07-26,Hyderabad,Delhi,773.7,927.09,Bike,Pharma,Rain,4460.94,3,7.0,Delayed,0.660280092791477,0.9766372875637838,0.5087058987399597
SC10782,2025-08-17,Bengaluru,Delhi,459.1,272.3,Bike,Groceries,Clear,4209.82,1,4.0,Delayed,0.3899819572128191,0.28630919748661077,0.47906317081102584
SC10783,2025-12-07,Delhi,Bengaluru,691.4,402.91,Heavy Truck,Electronics,Fog,2120.57,6,7.0,Delayed,0.5895695506486812,0.4240079281406824,0.23244374852078517
SC10784,2025-03-07,Chennai,Bengaluru,115.9,617.55,Bike,Electronics,Clear,758.5,6,2.0,On-Time,0.09511126385428303,0.6502973052755873,0.07166216827961336
SC10785,2025-03-16,Hyderabad,Chennai,457.5,23.95,Heavy Truck,Apparel,Clear,3506.28,1,3.0,Delayed,0.388607268665693,0.0244802429047358,0.39601584360840486
SC10786,2025-04-13,Hyderabad,Mumbai,695.0,769.84,Mini Truck,Furniture,Clear,3521.08,1,5.0,Delayed,0.5926625998797148,0.8108526968329609,0.39776286643951436
SC10787,2025-07-11,Chennai,Mumbai,1169.1,509.98,Heavy Truck,Groceries,Fog,8622.965,1,7.0,Delayed,1.0,0.5368890482014086,1.0
SC10788,2025-09-09,Delhi,Delhi,575.8,264.67,Bike,Pharma,Fog,2739.04,5,6.0,Delayed,0.4902483031188247,0.27826508666132505,0.3054492357070219
SC10789,2025-08-14,Mumbai,Chennai,300.8,59.0,Mini Truck,Furniture,Clear,4191.22,7,4.0,On-Time,0.25397370908153627,0.06143254754775861,0.4768675880638207
SC10790,2025-10-21,Chennai,Mumbai,78.5,154.79,Van,Apparel,Rain,3513.58,3,3.0,On-Time,0.0629779190652118,0.16242145658499557,0.3968775508156413
SC10791,2025-11-02,Delhi,Chennai,369.0,850.33,Heavy Truck,Furniture,Rain,1184.05,1,5.0,Delayed,0.3125698084027838,0.8957112132585503,0.12189497677817118
SC10792,2025-04-08,Chennai,Chennai,318.6,651.88,Bike,Apparel,Rain,3613.58,6,5.0,On-Time,0.26926711916831353,0.6864905326192385,0.4086817591339489
SC10793,2025-12-04,Chennai,Delhi,694.3,237.78,Bike,Electronics,Clear,3309.68,2,6.0,Delayed,0.5920611736403472,0.2499156580778476,0.37280877005461216
SC10794,2025-10-13,Bengaluru,Chennai,199.0,62.79,Bike,Electronics,Clear,3039.35,2,2.0,On-Time,0.16650915027064184,0.06542824610972885,0.34089845370773136
SC10795,2025-12-01,Delhi,Bengaluru,773.6,656.24,Van,Furniture,Rain,3153.52,5,6.0,Delayed,0.6601941747572816,0.6910871673765446,0.3543753183447431
SC10796,2025-12-13,Mumbai,Bengaluru,766.7,544.0,Mini Truck,Groceries,Clear,1109.33,3,5.0,Delayed,0.6542658303978006,0.5727554505967192,0.11307487232273175
SC10797,2025-11-04,Bengaluru,Hyderabad,201.9,384.59,Mini Truck,Pharma,Clear,2861.34,3,2.0,On-Time,0.16900077326230778,0.40469362796778136,0.3198857824803121
SC10798,2025-09-06,Chennai,Delhi,281.7,345.75,Bike,Apparel,Rain,3693.07,7,4.0,On-Time,0.23756336455021912,0.3637456247627884,0.4180649243261716
SC10799,2025-06-15,Chennai,Hyderabad,717.0,206.37,Heavy Truck,Pharma,Clear,3013.28,3,5.0,Delayed,0.6115645674026979,0.21680091089275927,0.3378210965991486
SC10800,2025-12-01,Chennai,Bengaluru,773.5,636.3,Bike,Electronics,Storm,3008.81,6,9.0,Delayed,0.6601082567230863,0.6700649432800574,0.33729344848732024
SC10801,2025-01-30,Delhi,Hyderabad,357.5,922.15,Bike,Groceries,Clear,603.48,6,5.0,On-Time,0.30268923447031537,0.9714291738708726,0.05336328454457299
SC10802,2025-09-04,Delhi,Delhi,260.2,167.34,Heavy Truck,Groceries,Storm,1266.03,7,5.0,On-Time,0.21909098719821293,0.17565259562265426,0.13157206675751973
SC10803,2025-04-16,Bengaluru,Delhi,423.2,567.46,Bike,Pharma,Clear,2027.69,5,4.0,On-Time,0.35913738293667846,0.5974887192679122,0.2214799998347411
SC10804,2025-02-20,Mumbai,Chennai,551.8,403.26,Van,Electronics,Clear,2603.18,3,5.0,Delayed,0.4696279749119341,0.42437692405009914,0.2894120382857693
SC10805,2025-03-22,Bengaluru,Mumbai,222.4,424.63,Bike,Pharma,Clear,3624.53,3,2.0,On-Time,0.1866139702723602,0.4469067600050605,0.4099743199448036
SC10806,2025-05-13,Hyderabad,Chennai,590.5,241.81,Van,Furniture,Rain,5200.57,1,5.0,Delayed,0.5028782541455452,0.25416438240627504,0.5960133647246579
SC10807,2025-10-12,Chennai,Delhi,46.1,783.97,Bike,Groceries,Rain,1081.11,3,3.0,On-Time,0.035140475985909456,0.8257495888331297,0.10974372473530536
SC10808,2025-05-18,Chennai,Bengaluru,398.2,457.015,Mini Truck,Groceries,Clear,3093.86,6,1.0,On-Time,0.33765787438783407,0.4810494243663813,0.3473329276620408
SC10809,2025-07-03,Chennai,Bengaluru,312.1,516.46,Heavy Truck,Furniture,Clear,2778.04,1,4.0,Delayed,0.263682446945614,0.5437207438957535,0.3100528769511619
SC10810,2025-11-26,Bengaluru,Chennai,286.0,289.87,Mini Truck,Electronics,Rain,2677.8,1,3.0,Delayed,0.24125784002062037,0.3048327921393329,0.2982203385328904
SC10811,2025-09-30,Bengaluru,Delhi,255.9,173.13,Bike,Groceries,Clear,3378.62,3,3.0,On-Time,0.2153965117278117,0.1817568422384346,0.3809465912692534
SC10812,2025-12-06,Chennai,Bengaluru,395.4,82.07,Bike,Apparel,Rain,5024.35,2,4.0,Delayed,0.3352521694303635,0.08575464934845865,0.5752119888261364
SC10813,2025-03-10,Bengaluru,Delhi,260.0,678.56,Van,Apparel,Clear,4843.81,4,3.0,On-Time,0.2189191511298222,0.7146185636570658,0.553900671128264
SC10814,2025-02-03,Delhi,Bengaluru,157.8,186.82,Bike,Electronics,Rain,735.25,6,3.0,On-Time,0.13111092018214626,0.19618985366676506,0.06891768984560687
SC10815,2025-09-19,Delhi,Delhi,251.0,655.73,Bike,Furniture,Rain,5613.87,2,3.0,Delayed,0.2111865280522382,0.6905494876228231,0.6448001577042232
SC10816,2025-02-22,Bengaluru,Hyderabad,780.0,371.16,Bike,Pharma,Storm,795.92,3,7.0,Delayed,0.6656929289457858,0.3905347277864463,0.07607930303232405
SC10817,2025-07-24,Chennai,Delhi,331.8,395.28,Mini Truck,Electronics,Rain,3862.24,3,5.0,Delayed,0.2806082996821033,0.4159638173153966,0.43803410353825245
SC10818,2025-05-06,Bengaluru,Delhi,358.5,445.98,Van,Pharma,Clear,4083.58,2,2.0,On-Time,0.3035484148122692,0.4694155104794839,0.4641615382299944
SC10819,2025-08-23,Bengaluru,Chennai,463.4,349.64,Mini Truck,Electronics,Clear,4127.28,3,4.0,Delayed,0.3936764326832203,0.3678467507274491,0.4693199772650948
SC10820,2025-02-12,Bengaluru,Hyderabad,786.8,96.04,Van,Apparel,Rain,1702.3,6,7.0,Delayed,0.6715353552710714,0.10048285750432254,0.1830702863878001
SC10821,2025-08-28,Hyderabad,Mumbai,197.1,294.5,Mini Truck,Furniture,Clear,2082.52,7,3.0,On-Time,0.16487670762092965,0.30971408088390334,0.22795224725566912
SC10822,2025-04-21,Delhi,Chennai,546.6,630.72,Bike,Apparel,Fog,3359.76,1,7.0,Delayed,0.4651602371337745,0.6641820942099271,0.37872031758042063
SC10823,2025-09-06,Mumbai,Mumbai,574.2,632.66,Mini Truck,Furniture,Rain,1317.59,5,6.0,Delayed,0.48887361457169876,0.6662273858221229,0.1376583165664391
SC10824,2025-05-31,Mumbai,Bengaluru,487.8,272.27,Mini Truck,Pharma,Clear,268.82,3,4.0,Delayed,0.41464043302689246,0.28627756926580356,0.013859320986524905
SC10825,2025-07-02,Hyderabad,Mumbai,75.4,437.37,Van,Electronics,Clear,3438.55,3,1.0,On-Time,0.0603144600051551,0.4603382111078312,0.38802085331441516
SC10826,2025-12-02,Bengaluru,Delhi,543.1,184.18,Van,Groceries,Clear,2871.88,2,4.0,Delayed,0.46215310593693626,0.19340657023573568,0.3211299460370617
SC10827,2025-04-05,Hyderabad,Mumbai,56.0,200.25,Mini Truck,Groceries,Clear,3991.88,1,2.0,Delayed,0.04364636137125183,0.2103487538481002,0.45333707920210636
SC10828,2025-01-08,Chennai,Chennai,478.9,22.38,Van,Furniture,Clear,1008.2,2,4.0,Delayed,0.4069937279835038,0.022825032682494837,0.10113727645042736
SC10829,2025-12-26,Chennai,Chennai,593.0,851.96,Van,Furniture,Clear,5069.41,7,5.0,On-Time,0.5050262050004296,0.8974296799224056,0.5805309650943659
SC10830,2025-07-03,Delhi,Mumbai,172.7,200.57,Van,Apparel,Clear,1005.4,6,2.0,On-Time,0.1439127072772575,0.21068612153670982,0.10080675861751473
SC10831,2025-10-08,Mumbai,Chennai,674.1,216.54,Heavy Truck,Groceries,Clear,5364.36,2,5.0,Delayed,0.5747057307328809,0.22752287774638386,0.6153474775292139
SC10832,2025-07-14,Bengaluru,Chennai,29.1,265.98,Van,Apparel,Clear,2779.7,3,2.0,On-Time,0.020534410172695253,0.2796461856365707,0.31024882680924576
SC10833,2025-12-18,Mumbai,Mumbai,675.8,121.47,Heavy Truck,Pharma,Clear,3366.36,1,5.0,Delayed,0.5761663373142023,0.12729304600851854,0.37949939532942895
SC10834,2025-07-14,Mumbai,Hyderabad,371.0,607.48,Heavy Truck,Groceries,Clear,5395.0,6,3.0,On-Time,0.3142881690866914,0.6396807658246533,0.6189642869579434
SC10835,2025-06-04,Delhi,Hyderabad,178.0,71.85,Van,Pharma,Rain,1904.49,3,3.0,On-Time,0.14846636308961253,0.0749799687934888,0.20693721518658617
SC10836,2025-04-03,Mumbai,Bengaluru,111.4,127.93,Mini Truck,Electronics,Clear,1213.69,6,1.0,On-Time,0.09124495231549104,0.1341036562223253,0.12539374412371754
SC10837,2025-06-09,Mumbai,Chennai,762.9,612.7,Van,Apparel,Clear,2757.65,3,6.0,Delayed,0.6510009450983762,0.6451840762450978,0.307645998875059
SC10838,2025-03-02,Hyderabad,Mumbai,62.8,323.01,Bike,Furniture,Rain,1579.55,3,2.0,On-Time,0.049488787696537515,0.339771433390967,0.16858062067707758
SC10839,2025-05-02,Delhi,Chennai,163.3,672.7,Mini Truck,Groceries,Storm,3237.89,3,5.0,Delayed,0.13583641206289201,0.7084405178594022,0.3643345289028992
SC10840,2025-02-20,Chennai,Delhi,281.5,529.77,Heavy Truck,Apparel,Clear,1760.26,5,3.0,On-Time,0.23739152848182837,0.5577531311938599,0.18991200552909118
SC10841,2025-10-04,Bengaluru,Chennai,498.1,243.59,Heavy Truck,Furniture,Clear,5207.26,4,4.0,On-Time,0.42348999054901637,0.2560409901741661,0.5968030662611529
SC10842,2025-01-05,Mumbai,Chennai,438.1,618.46,Van,Electronics,Clear,3702.85,1,4.0,Delayed,0.3719391700317898,0.651256694640071,0.41921937589970204
SC10843,2025-04-02,Bengaluru,Hyderabad,104.9,110.9,Mini Truck,Groceries,Clear,151.41,7,2.0,On-Time,0.0856602800927915,0.11614936954413192,0.0
SC10844,2025-06-19,Chennai,Mumbai,235.3,509.82,Van,Pharma,Fog,4862.02,5,5.0,On-Time,0.19769739668356393,0.5367203643571038,0.5560502174630279
SC10845,2025-11-13,Bengaluru,Chennai,194.8,415.57,Heavy Truck,Electronics,Rain,2081.74,4,2.0,On-Time,0.16290059283443598,0.43735503732130054,0.2278601744307863
SC10846,2025-01-22,Chennai,Hyderabad,174.8,254.85,Bike,Furniture,Rain,2023.22,6,3.0,On-Time,0.14571698599536045,0.2679121157171172,0.22095235172291275
SC10847,2025-11-22,Hyderabad,Bengaluru,331.9,574.0,Van,Groceries,Clear,2390.92,4,4.0,On-Time,0.2806942177162987,0.6043836714038714,0.26435642570932966
SC10848,2025-01-01,Mumbai,Hyderabad,564.7,827.83,Mini Truck,Groceries,Rain,3837.04,4,6.0,Delayed,0.4807114013231379,0.8719900476531862,0.4350594430420389
SC10849,2025-05-13,Chennai,Hyderabad,177.9,948.96,Heavy Truck,Electronics,Clear,2736.06,5,3.0,On-Time,0.14838044505541714,0.9996942605321978,0.30509747029913636
SC10850,2025-08-21,Bengaluru,Hyderabad,296.5,577.57,Mini Truck,Groceries,Clear,3827.52,1,3.0,Delayed,0.250279233611135,0.6081474296799225,0.4339356824101361
SC10851,2025-01-12,Mumbai,Chennai,315.8,384.77,Mini Truck,Furniture,Clear,1008.67,2,3.0,Delayed,0.2668614142108429,0.4048833972926243,0.1011927562295234
SC10852,2025-12-12,Hyderabad,Chennai,781.3,214.33,Mini Truck,Electronics,Clear,5825.46,4,6.0,Delayed,0.6668098633903257,0.22519293214692365,0.6697766820849301
SC10853,2025-02-15,Mumbai,Bengaluru,764.0,244.61,Van,Pharma,Clear,4418.2,2,5.0,Delayed,0.6519460434745253,0.2571163496816093,0.5036607801047152
SC10854,2025-02-03,Chennai,Delhi,641.1,455.74,Bike,Electronics,Rain,1613.71,2,4.0,Delayed,0.5463527794484063,0.4797052249820774,0.17261293823861146
SC10855,2025-03-19,Hyderabad,Delhi,197.1,349.23,Bike,Electronics,Clear,4386.39,3,2.0,On-Time,0.16487670762092965,0.36741449837641804,0.49990586143866156
SC10856,2025-08-06,Bengaluru,Delhi,59.1,868.17,Heavy Truck,Pharma,Clear,3513.9,2,2.0,On-Time,0.046309820431308546,0.9145194618985367,0.3969153242822599
SC10857,2025-10-28,Hyderabad,Bengaluru,256.9,350.2,Mini Truck,Furniture,Clear,788.76,6,4.0,On-Time,0.21625569206976544,0.36843714418251594,0.07523412171673324
SC10858,2025-03-14,Hyderabad,Delhi,398.2,457.015,Bike,Apparel,Clear,3093.86,6,3.0,On-Time,0.33765787438783407,0.4810494243663813,0.3473329276620408
SC10859,2025-10-09,Delhi,Delhi,407.2,364.67,Mini Truck,Apparel,Rain,391.65,3,5.0,Delayed,0.34539049746541806,0.38369248935183237,0.028358430063902082
SC10860,2025-09-06,Chennai,Hyderabad,623.3,794.87,Heavy Truck,Pharma,Rain,4884.04,1,7.0,Delayed,0.531059369361629,0.8372411757263949,0.5586495041347191
SC10861,2025-02-16,Hyderabad,Chennai,687.4,618.42,Mini Truck,Furniture,Rain,3377.47,7,6.0,On-Time,0.5861328292808661,0.6512145236789947,0.38081084287359285
SC10862,2025-05-01,Mumbai,Chennai,676.7,583.65,Bike,Groceries,Clear,2002.98,1,5.0,Delayed,0.5769395996219607,0.6145574157635053,0.21856317995928728
SC10863,2025-08-02,Bengaluru,Hyderabad,290.9,317.77,Mini Truck,Pharma,Rain,889.12,6,3.0,On-Time,0.24546782369619385,0.3342470374899844,0.0870808251849867
SC10864,2025-08-27,Mumbai,Hyderabad,551.4,777.1,Bike,Apparel,Fog,2981.67,7,5.0,On-Time,0.4692843027751526,0.8185067262682918,0.3340897863497316
SC10865,2025-02-25,Mumbai,Hyderabad,253.7,36.93,Heavy Truck,Furniture,Clear,3222.78,3,3.0,On-Time,0.21350631497551337,0.03816471977396365,0.36255091302600295
SC10866,2025-12-16,Chennai,Chennai,53.4,827.32,Mini Truck,Electronics,Clear,4256.4,1,2.0,Delayed,0.04141249248217202,0.8714523678994646,0.48456157104569353
SC10867,2025-04-17,Mumbai,Delhi,562.7,487.36,Bike,Furniture,Fog,5824.13,7,6.0,On-Time,0.4789930406392303,0.5130413697128159,0.6696196861142967
SC10868,2025-11-15,Delhi,Hyderabad,398.2,457.015,Heavy Truck,Furniture,Clear,3093.86,7,2.0,On-Time,0.33765787438783407,0.4810494243663813,0.3473329276620408
SC10869,2025-02-17,Delhi,Bengaluru,330.3,472.56,Mini Truck,Apparel,Clear,2525.3,4,3.0,On-Time,0.2793195291691727,0.4974381141146207,0.28021892084747135
SC10870,2025-03-02,Chennai,Hyderabad,266.9,634.21,Heavy Truck,Apparel,Clear,2314.09,1,3.0,Delayed,0.22484749548930322,0.6678615105638259,0.25528725245837397
SC10871,2025-12-03,Bengaluru,Mumbai,556.2,12.62,Bike,Groceries,Clear,4987.5,3,4.0,Delayed,0.4734083684165308,0.01253531817990132,0.5708621380608401
SC10872,2025-01-26,Bengaluru,Hyderabad,398.2,457.015,Mini Truck,Groceries,Clear,3093.86,7,6.0,On-Time,0.33765787438783407,0.4810494243663813,0.3473329276620408
SC10873,2025-10-19,Mumbai,Chennai,246.8,424.68,Mini Truck,Pharma,Clear,2161.31,6,3.0,On-Time,0.20757797061603234,0.4469594737064058,0.23725278298966365
SC10874,2025-09-14,Mumbai,Hyderabad,398.2,457.015,Mini Truck,Electronics,Clear,3093.86,4,5.0,Delayed,0.33765787438783407,0.4810494243663813,0.3473329276620408
SC10875,2025-01-08,Mumbai,Mumbai,238.7,131.76,Heavy Truck,Groceries,Clear,241.82,2,2.0,On-Time,0.20061860984620672,0.13814152574537172,0.010672184740581864
SC10876,2025-04-23,Bengaluru,Bengaluru,359.8,417.77,Heavy Truck,Apparel,Rain,1842.88,2,4.0,Delayed,0.3046653492568091,0.43967444018049173,0.1996646424416769
SC10877,2025-12-21,Hyderabad,Delhi,583.0,471.76,Bike,Furniture,Clear,3902.47,2,5.0,Delayed,0.49643440158089197,0.49659469489309666,0.4427829365447076
SC10878,2025-09-10,Delhi,Hyderabad,555.9,383.76,Van,Pharma,Storm,1237.82,6,7.0,Delayed,0.47315061431394456,0.40381858052545017,0.12824209959092514
SC10879,2025-06-29,Hyderabad,Mumbai,1169.1,644.89,Mini Truck,Groceries,Storm,8622.965,7,7.0,On-Time,1.0,0.679121157171172,1.0
SC10880,2025-07-26,Hyderabad,Mumbai,184.0,400.14,Mini Truck,Furniture,Rain,2993.36,3,3.0,On-Time,0.1536214451413352,0.4210875890861553,0.33546969830214174
SC10881,2025-10-30,Bengaluru,Bengaluru,398.2,457.015,Bike,Furniture,Clear,3093.86,2,6.0,Delayed,0.33765787438783407,0.4810494243663813,0.3473329276620408
SC10882,2025-05-07,Hyderabad,Chennai,489.7,569.51,Mini Truck,Groceries,Rain,770.26,1,4.0,Delayed,0.4162728756766046,0.5996499810230675,0.07305034317784634
SC10883,2025-02-25,Chennai,Hyderabad,732.5,767.2,Heavy Truck,Electronics,Fog,5638.68,2,8.0,Delayed,0.6248818627029814,0.8080694134019316,0.6477287817879953
SC10884,2025-08-02,Mumbai,Mumbai,129.3,104.33,Heavy Truck,Electronics,Clear,409.11,7,3.0,On-Time,0.10662428043646364,0.10922278918736558,0.030419444836278585
SC10885,2025-01-14,Chennai,Bengaluru,602.7,377.73,Mini Truck,Pharma,Clear,4536.0,5,4.0,On-Time,0.5133602543173813,0.3974613081432126,0.5175661375036815
SC10886,2025-01-28,Delhi,Delhi,456.8,320.34,Mini Truck,Electronics,Rain,567.82,6,5.0,On-Time,0.38800584242632535,0.33695652173913043,0.04915390385826452
SC10887,2025-03-19,Mumbai,Mumbai,223.4,541.22,Heavy Truck,Pharma,Clear,2883.68,5,2.0,On-Time,0.18747315061431397,0.5698245688019231,0.32252284261862196
SC10888,2025-08-04,Hyderabad,Bengaluru,382.2,818.13,Mini Truck,Apparel,Rain,1176.16,2,4.0,Delayed,0.32391098891657366,0.8617635895922069,0.12096362474185673
SC10889,2025-12-31,Delhi,Chennai,270.4,74.88,Heavy Truck,Groceries,Fog,975.42,7,3.0,On-Time,0.22785462668614143,0.07817441909501117,0.09726785696368612
SC10890,2025-06-03,Mumbai,Chennai,465.6,69.41,Van,Furniture,Clear,886.5,2,4.0,Delayed,0.3955666294355186,0.07240754016784043,0.08677155492704705
SC10891,2025-01-14,Hyderabad,Mumbai,711.8,807.88,Van,Pharma,Rain,2798.8,5,7.0,Delayed,0.6070968296245383,0.85095728081643,0.31250343059804253
SC10892,2025-07-06,Chennai,Mumbai,457.6,202.6,Mini Truck,Electronics,Clear,3165.59,7,4.0,On-Time,0.3886931866998884,0.21282629781132711,0.35580008628876286
SC10893,2025-11-08,Mumbai,Hyderabad,507.2,635.48,Mini Truck,Pharma,Clear,930.3,6,5.0,On-Time,0.4313085316607957,0.6692004385779953,0.09194179817046574
SC10894,2025-01-07,Hyderabad,Bengaluru,417.4,515.96,Mini Truck,Pharma,Clear,5879.47,6,4.0,On-Time,0.3541541369533466,0.543193606882301,0.676152134997648
SC10895,2025-01-03,Chennai,Mumbai,45.7,791.33,Heavy Truck,Electronics,Clear,1657.93,2,1.0,On-Time,0.034796803849127936,0.833509045671151,0.17783275915696706
SC10896,2025-04-21,Delhi,Hyderabad,190.1,119.27,Van,Electronics,Clear,2834.22,6,2.0,On-Time,0.1588624452272532,0.12497364314932738,0.316684481184387
SC10897,2025-08-26,Delhi,Hyderabad,396.1,123.73,Van,Groceries,Clear,1415.18,4,4.0,On-Time,0.33585359566973116,0.129675705309324,0.14917804346427546
SC10898,2025-12-29,Delhi,Mumbai,251.6,529.2,Bike,Furniture,Clear,3039.45,7,3.0,On-Time,0.21170203625741046,0.5571521949985242,0.3409102579160497
SC10899,2025-08-27,Delhi,Chennai,398.2,457.015,Bike,Groceries,Clear,3093.86,7,3.0,On-Time,0.33765787438783407,0.4810494243663813,0.3473329276620408
SC10900,2025-10-01,Bengaluru,Bengaluru,405.8,394.54,Mini Truck,Groceries,Rain,3198.45,6,5.0,On-Time,0.3441876449866828,0.4151836545354869,0.3596789491421587
SC10901,2025-10-21,Mumbai,Bengaluru,261.6,310.93,Heavy Truck,Electronics,Clear,1821.05,7,3.0,On-Time,0.22029383967694824,0.3270358031459537,0.19708778376579034
SC10902,2025-08-15,Mumbai,Chennai,210.2,576.55,Mini Truck,Electronics,Clear,1603.12,5,1.0,On-Time,0.17613197010052412,0.6070720701724793,0.17136287257770266
SC10903,2025-01-15,Bengaluru,Mumbai,373.9,883.96,Van,Furniture,Fog,4589.77,3,7.0,Delayed,0.3167797920783573,0.931166448783368,0.5239132603164355
SC10904,2025-07-11,Hyderabad,Bengaluru,111.0,795.16,Mini Truck,Pharma,Rain,841.69,5,3.0,On-Time,0.09090128017870953,0.8375469151941973,0.08148208917961344
SC10905,2025-04-29,Chennai,Mumbai,742.6,945.71,Mini Truck,Groceries,Clear,2314.3,1,8.0,Delayed,0.6335595841567145,0.9962678699447562,0.25531204129584245
SC10906,2025-01-28,Delhi,Mumbai,694.8,21.93,Van,Furniture,Clear,1036.17,4,5.0,Delayed,0.592490763811324,0.022350609370387554,0.10443891351705797
SC10907,2025-07-21,Chennai,Hyderabad,567.6,107.66,Van,Groceries,Rain,1659.16,3,5.0,Delayed,0.4832030243148038,0.11273352169695948,0.17797795091928223
SC10908,2025-02-08,Hyderabad,Chennai,89.4,579.19,Van,Pharma,Rain,1043.2,2,3.0,Delayed,0.07234298479250796,0.6098553536035087,0.105268749361835
SC10909,2025-09-30,Chennai,Mumbai,621.8,779.64,Van,Groceries,Clear,5337.62,7,5.0,On-Time,0.5297705988486984,0.8211845822966306,0.6121910322248986
SC10910,2025-08-19,Mumbai,Delhi,647.3,271.34,Bike,Apparel,Clear,4431.64,1,5.0,Delayed,0.5516796975685196,0.2852970944207818,0.5052472657026957
SC10911,2025-03-27,Chennai,Chennai,615.4,227.63,Heavy Truck,Furniture,Clear,3431.42,1,6.0,Delayed,0.5242718446601942,0.2392147767047611,0.3871792132613198
SC10912,2025-05-06,Mumbai,Bengaluru,95.6,747.73,Heavy Truck,Electronics,Rain,1462.89,4,3.0,On-Time,0.07766990291262137,0.7875426980980897,0.15480983125293998
SC10913,2025-10-27,Bengaluru,Hyderabad,516.9,54.03,Van,Groceries,Clear,3134.83,3,4.0,Delayed,0.4396425809777473,0.0561928056340404,0.3521691118100514
SC10914,2025-01-25,Bengaluru,Bengaluru,668.3,351.23,Heavy Truck,Furniture,Clear,3196.87,1,5.0,Delayed,0.5697224847495489,0.3695230464302282,0.35949244265072944
SC10915,2025-05-25,Delhi,Bengaluru,464.0,480.77,Heavy Truck,Furniture,Clear,3603.86,3,4.0,Delayed,0.39419194088839254,0.5060937038755113,0.40753439008540937
SC10916,2025-01-13,Hyderabad,Chennai,518.9,532.55,Heavy Truck,Groceries,Storm,501.5,3,8.0,Delayed,0.44136094166165485,0.560684012988656,0.04132535290156294
SC10917,2025-07-31,Delhi,Bengaluru,369.4,692.32,Heavy Truck,Electronics,Rain,5841.48,6,5.0,On-Time,0.3129134805395653,0.7291253742672797,0.671667716257523
SC10918,2025-01-25,Mumbai,Mumbai,425.3,337.43,Van,Electronics,Rain,2872.82,1,5.0,Delayed,0.3609416616547814,0.3549740648589382,0.3212409055952538
SC10919,2025-03-09,Delhi,Bengaluru,32.3,582.24,Mini Truck,Groceries,Rain,5570.21,3,3.0,On-Time,0.023283787266947333,0.6130708893855692,0.6396464403524501
SC10920,2025-03-08,Chennai,Hyderabad,513.0,556.31,Mini Truck,Furniture,Clear,207.38,4,6.0,Delayed,0.4362917776441276,0.5857335638679205,0.006606815395756742
SC10921,2025-08-21,Mumbai,Hyderabad,69.8,520.46,Mini Truck,Electronics,Fog,1598.22,1,3.0,Delayed,0.055503050090213946,0.5479378400033738,0.1707844663701056
SC10922,2025-04-19,Bengaluru,Delhi,350.8,608.64,Bike,Groceries,Clear,758.37,4,3.0,On-Time,0.2969327261792251,0.6409037236958631,0.07164682280879958
SC10923,2025-05-26,Hyderabad,Hyderabad,237.7,246.85,Heavy Truck,Groceries,Rain,4652.25,4,4.0,On-Time,0.19975942950425296,0.2594779235018766,0.531288529673714
SC10924,2025-04-21,Mumbai,Bengaluru,438.6,80.87,Van,Groceries,Clear,2022.73,3,3.0,On-Time,0.37236876020276666,0.08448952051617258,0.22089451110215302
SC10925,2025-08-16,Mumbai,Hyderabad,111.1,113.75,Van,Furniture,Clear,5066.88,3,2.0,On-Time,0.09098719821290491,0.11915405052081138,0.5802323186239127
SC10926,2025-04-21,Chennai,Chennai,554.9,213.74,Bike,Electronics,Clear,5019.45,6,5.0,On-Time,0.4722914339719908,0.22457091047104966,0.5746335826185394
SC10927,2025-02-03,Hyderabad,Hyderabad,637.0,475.44,Van,Furniture,Rain,4056.6,7,6.0,On-Time,0.5428301400463958,0.5004744233121073,0.46097676282571504
SC10928,2025-04-21,Bengaluru,Mumbai,134.9,798.5,Mini Truck,Apparel,Rain,4044.82,6,5.0,On-Time,0.11143569035140478,0.8410681904440603,0.4595862270858184
SC10929,2025-09-21,Mumbai,Chennai,87.9,666.38,Bike,Electronics,Clear,4245.93,1,2.0,Delayed,0.07105421427957731,0.7017775060093621,0.4833256704347667
SC10930,2025-08-24,Mumbai,Delhi,120.7,749.69,Van,Furniture,Clear,4091.52,6,2.0,On-Time,0.09923532949566116,0.7896090751908238,0.46509879237046803
SC10931,2025-03-24,Chennai,Mumbai,702.3,333.75,Bike,Electronics,Fog,2413.41,2,5.0,Delayed,0.5989346163759773,0.3510943364399275,0.26701119216011704
SC10932,2025-02-11,Delhi,Bengaluru,424.9,384.72,Bike,Apparel,Clear,4144.54,1,4.0,Delayed,0.3605979895179999,0.4048306835912791,0.4713573836208347
SC10933,2025-04-11,Bengaluru,Bengaluru,376.5,374.3,Van,Pharma,Rain,5399.83,4,3.0,On-Time,0.31901366096743716,0.3938451482309282,0.6195344302197177
SC10934,2025-01-06,Hyderabad,Bengaluru,89.8,182.68,Mini Truck,Groceries,Rain,2095.55,6,3.0,On-Time,0.07268665692928947,0.19182515919537807,0.22949033559954463
SC10935,2025-06-29,Mumbai,Mumbai,521.4,58.63,Van,Furniture,Clear,5677.6,6,5.0,On-Time,0.4435088925165393,0.06104246615780374,0.6523229796654806
SC10936,2025-10-09,Mumbai,Mumbai,695.1,561.57,Heavy Truck,Apparel,Clear,229.45,7,5.0,On-Time,0.5927485179139103,0.5912790452494414,0.00921200417160722
SC10937,2025-11-16,Bengaluru,Mumbai,663.4,939.76,Heavy Truck,Apparel,Clear,2192.13,6,6.0,On-Time,0.5655125010739754,0.989994939484671,0.24089083999336605
SC10938,2025-08-14,Delhi,Chennai,502.7,158.9,Van,Electronics,Clear,922.78,3,5.0,Delayed,0.42744222012200367,0.16675452283557543,0.09105412170492902
SC10939,2025-11-11,Mumbai,Chennai,64.8,44.83,Mini Truck,Electronics,Clear,890.73,4,2.0,On-Time,0.05120714838044506,0.04649348458651373,0.08727087293891145
SC10940,2025-12-31,Bengaluru,Bengaluru,94.4,740.67,Heavy Truck,Groceries,Clear,4920.26,6,3.0,On-Time,0.07663888650227685,0.7800995234681399,0.5629249883876101
SC10941,2025-08-17,Chennai,Hyderabad,44.2,240.33,Heavy Truck,Electronics,Clear,5522.45,5,2.0,On-Time,0.03350803333619727,0.25260405684645554,0.6340087504596263
SC10942,2025-10-16,Delhi,Bengaluru,209.7,788.25,Van,Furniture,Rain,4699.89,5,2.0,On-Time,0.1757023799295472,0.8302618816682833,0.5369120545165558
SC10943,2025-05-30,Hyderabad,Delhi,112.9,668.89,Van,Furniture,Rain,5863.2,4,4.0,On-Time,0.0925337228284217,0.7044237338168937,0.6742315903042594
SC10944,2025-10-04,Mumbai,Chennai,211.7,898.42,Van,Furniture,Clear,1415.52,6,3.0,On-Time,0.17742074061345478,0.9464112512124152,0.1492181777725577
SC10945,2025-07-17,Bengaluru,Mumbai,311.1,388.78,Bike,Pharma,Clear,973.68,7,3.0,On-Time,0.2628232666036602,0.40911103614051364,0.09706246373894756
SC10946,2025-03-11,Chennai,Chennai,754.7,629.04,Bike,Furniture,Clear,3196.12,2,6.0,Delayed,0.6439556662943553,0.6624109138447266,0.35940391108834213
SC10947,2025-04-22,Hyderabad,Mumbai,490.2,441.88,Bike,Electronics,Clear,4999.87,7,4.0,On-Time,0.41670246584758147,0.46509298696917306,0.5723223186298148
SC10948,2025-01-04,Bengaluru,Delhi,668.8,599.24,Van,Electronics,Rain,383.06,2,6.0,Delayed,0.5701520749205259,0.6309935478429555,0.027344448569359463
SC10949,2025-12-16,Bengaluru,Delhi,569.7,427.39,Mini Truck,Furniture,Clear,5974.06,1,4.0,Delayed,0.48500730303290673,0.44981655631931855,0.6873177356459352
SC10950,2025-11-27,Hyderabad,Chennai,94.4,179.61,Heavy Truck,Apparel,Rain,3673.14,1,3.0,Delayed,0.07663888650227685,0.18858853793277952,0.41571234560833287
SC10951,2025-11-14,Chennai,Mumbai,590.1,482.75,Bike,Apparel,Clear,5876.81,7,4.0,On-Time,0.5025345820087637,0.5081811664487834,0.6758381430563811
SC10952,2025-12-16,Chennai,Delhi,223.7,502.39,Mini Truck,Apparel,Rain,2285.73,6,4.0,On-Time,0.1877309047169001,0.5288871083371991,0.2519395789793019
SC10953,2025-04-05,Delhi,Bengaluru,513.1,770.17,Van,Groceries,Clear,2829.44,7,5.0,On-Time,0.436377695678323,0.8112006072618395,0.31612024002677197
SC10954,2025-06-01,Mumbai,Bengaluru,276.1,698.88,Bike,Pharma,Rain,4551.31,1,5.0,Delayed,0.23275195463527798,0.7360414118837769,0.5193733617972144
SC10955,2025-11-07,Hyderabad,Mumbai,798.1,630.77,Van,Furniture,Fog,4787.3,3,9.0,Delayed,0.6812440931351492,0.6642348079112723,0.5472301130075884
SC10956,2025-05-17,Hyderabad,Chennai,214.5,108.16,Mini Truck,Groceries,Rain,1513.24,2,3.0,Delayed,0.17982644557092536,0.11326065871041201,0.16075325014120784
SC10957,2025-09-04,Hyderabad,Delhi,226.9,684.73,Bike,Apparel,Rain,5589.34,4,4.0,On-Time,0.19048028181115217,0.7211234344030701,0.6419045854037423
SC10958,2025-08-31,Chennai,Chennai,744.9,475.54,Bike,Furniture,Clear,5224.43,7,7.0,On-Time,0.6355356989432083,0.5005798507147979,0.5988298488294063
SC10959,2025-01-31,Mumbai,Bengaluru,24.6,849.45,Bike,Groceries,Fog,256.5,6,4.0,On-Time,0.01666809863390326,0.8947834521148739,0.012405042521709417
SC10960,2025-02-09,Delhi,Delhi,558.9,873.92,Bike,Electronics,Clear,902.12,6,5.0,On-Time,0.4757281553398059,0.9205815375532409,0.08861537226636668
SC10961,2025-08-17,Bengaluru,Chennai,581.6,52.87,Mini Truck,Apparel,Clear,3052.17,5,4.0,On-Time,0.49523154910215667,0.054969847762830516,0.3424117532141384
SC10962,2025-02-05,Bengaluru,Hyderabad,669.9,779.7,Bike,Groceries,Clear,2846.59,2,6.0,Delayed,0.571097173296675,0.821247838738245,0.31814466175336176
SC10963,2025-08-11,Hyderabad,Mumbai,779.7,36.29,Heavy Truck,Electronics,Storm,4294.09,2,7.0,Delayed,0.6654351748431997,0.0374899843967444,0.4890105771608637
SC10964,2025-01-06,Mumbai,Mumbai,780.6,349.13,Heavy Truck,Apparel,Fog,674.81,2,7.0,Delayed,0.6662084371509581,0.3673090709737275,0.06178322633802177
SC10965,2025-11-18,Chennai,Hyderabad,56.9,515.41,Van,Pharma,Fog,3922.4,7,3.0,On-Time,0.04441962367901023,0.5426137561675031,0.4451355152625463
SC10966,2025-08-08,Mumbai,Bengaluru,658.4,141.12,Bike,Apparel,Rain,3755.76,1,6.0,Delayed,0.5612165993642065,0.14800953063720323,0.4254649825209186
SC10967,2025-03-16,Mumbai,Delhi,518.8,709.12,Heavy Truck,Pharma,Clear,1516.67,3,6.0,Delayed,0.44127502362745946,0.7468371779192848,0.1611581344865258
SC10968,2025-01-04,Chennai,Mumbai,519.6,8.43,Heavy Truck,Pharma,Fog,3323.0,7,5.0,On-Time,0.44196236790102256,0.008117910007169063,0.37438109060261077
SC10969,2025-12-01,Hyderabad,Hyderabad,107.0,160.58,Heavy Truck,Pharma,Storm,1449.91,4,4.0,On-Time,0.08746455881089442,0.16852570320077598,0.15327764501322366
SC10970,2025-05-14,Mumbai,Hyderabad,521.9,551.97,Mini Truck,Furniture,Clear,1009.5,1,4.0,Delayed,0.4439384826875162,0.5811580145911527,0.10129073115856535
SC10971,2025-04-28,Chennai,Bengaluru,786.1,678.81,Bike,Furniture,Clear,3502.84,7,7.0,On-Time,0.6709339290317039,0.714882132163792,0.3956097788422551
SC10972,2025-04-04,Chennai,Bengaluru,729.9,870.85,Mini Truck,Pharma,Rain,5868.22,3,7.0,Delayed,0.6226479938139016,0.9173449162906424,0.6748241615618384
SC10973,2025-03-03,Delhi,Chennai,354.1,670.37,Mini Truck,Electronics,Storm,1536.06,2,5.0,Delayed,0.29976802130767255,0.7059840593767133,0.16344697047944562
SC10974,2025-07-13,Hyderabad,Mumbai,36.8,638.35,Heavy Truck,Pharma,Fog,2228.72,3,2.0,On-Time,0.027150098805739323,0.6722262050352129,0.24520999981703476
SC10975,2025-12-01,Chennai,Chennai,293.0,374.93,Heavy Truck,Groceries,Fog,1650.95,1,5.0,Delayed,0.24727210241429678,0.3945093408678784,0.17700882541634919
SC10976,2025-07-22,Delhi,Hyderabad,662.0,1.72,Van,Pharma,Fog,1708.79,7,5.0,On-Time,0.5643096485952402,0.0010437312866360224,0.18383637950765827
SC10977,2025-01-26,Delhi,Delhi,562.7,114.59,Bike,Furniture,Fog,2514.52,2,6.0,Delayed,0.4789930406392303,0.12003964070341164,0.2789464271907578
SC10978,2025-06-22,Mumbai,Delhi,370.2,508.06,Bike,Furniture,Rain,4255.85,7,4.0,On-Time,0.31360082481312834,0.5348648420697508,0.48449664789994284
SC10979,2025-10-27,Mumbai,Bengaluru,48.8,641.54,Heavy Truck,Groceries,Rain,377.01,1,3.0,Delayed,0.03746026290918464,0.67558933918104,0.026630293966101858
SC10980,2025-05-13,Mumbai,Delhi,344.4,396.87,Heavy Truck,Groceries,Clear,5749.18,4,4.0,On-Time,0.2914339719907209,0.4176401130181757,0.6607724319797251
SC10981,2025-11-22,Chennai,Delhi,377.9,694.28,Bike,Apparel,Rain,420.74,2,4.0,Delayed,0.3202165134461724,0.7311917513600136,0.03179227426369775
SC10982,2025-04-28,Chennai,Delhi,743.2,496.01,Van,Electronics,Clear,5305.33,3,5.0,Delayed,0.6340750923618869,0.5221608400455447,0.608379453358917
SC10983,2025-11-20,Hyderabad,Hyderabad,514.7,70.93,Heavy Truck,Electronics,Fog,5382.11,1,5.0,Delayed,0.43775238422544904,0.07401003668873614,0.6174427245057135
SC10984,2025-10-02,Mumbai,Delhi,252.8,182.82,Van,Electronics,Clear,3218.26,5,2.0,On-Time,0.212733052667755,0.19197275755914478,0.36201736281001545
SC10985,2025-07-31,Delhi,Delhi,422.6,798.08,Mini Truck,Furniture,Clear,951.43,3,5.0,Delayed,0.35862187473150625,0.8406253953527603,0.09443602738812415
SC10986,2025-08-13,Bengaluru,Delhi,57.5,688.8,Heavy Truck,Electronics,Clear,3456.1,3,2.0,On-Time,0.044935131884182494,0.7254143296925737,0.39009249187427814
SC10987,2025-01-20,Hyderabad,Chennai,778.2,850.08,Mini Truck,Apparel,Rain,3827.5,2,7.0,Delayed,0.6641464043302691,0.895447644751824,0.4339333215684724
SC10988,2025-04-23,Chennai,Hyderabad,291.2,112.12,Heavy Truck,Apparel,Clear,5167.89,7,3.0,On-Time,0.24572557779878,0.11743558385695611,0.5921557494462352
SC10989,2025-05-20,Hyderabad,Bengaluru,384.9,940.72,Mini Truck,Electronics,Clear,3372.74,6,4.0,On-Time,0.32623077583984883,0.9910070425504999,0.3802525038201369
SC10990,2025-02-16,Hyderabad,Chennai,287.5,199.33,Heavy Truck,Groceries,Clear,2552.65,3,2.0,On-Time,0.24254661053355103,0.20937882174334754,0.2834473718225285
SC10991,2025-01-01,Hyderabad,Mumbai,547.6,11.68,Van,Apparel,Clear,5054.0,1,4.0,Delayed,0.4660194174757283,0.011544300594610552,0.5787119365925146
SC10992,2025-03-31,Hyderabad,Hyderabad,531.5,947.55,Van,Groceries,Clear,5888.57,5,3.0,On-Time,0.45218661397027243,0.9982077341542615,0.677226317954614
SC10993,2025-05-22,Bengaluru,Hyderabad,573.7,267.38,Van,Furniture,Clear,3923.85,4,4.0,On-Time,0.4884440244007219,0.2811221692742378,0.44530667628316173
SC10994,2025-11-16,Mumbai,Mumbai,218.2,634.78,Mini Truck,Apparel,Clear,5265.16,5,3.0,On-Time,0.18300541283615432,0.6684624467591617,0.6036377028774529
SC10995,2025-02-07,Delhi,Mumbai,256.0,168.26,Van,Groceries,Clear,3652.6,1,3.0,Delayed,0.21548242976200707,0.1766225277274069,0.41328776121975247
SC10996,2025-10-20,Hyderabad,Mumbai,104.6,551.43,Mini Truck,Electronics,Clear,4185.26,2,3.0,Delayed,0.08540252599020536,0.5805887066166239,0.47616405724804955
SC10997,2025-05-19,Hyderabad,Bengaluru,526.1,858.88,Heavy Truck,Furniture,Clear,4175.78,1,4.0,Delayed,0.4475470401237221,0.9047252561885887,0.47504501829947393
SC10998,2025-12-22,Hyderabad,Delhi,36.6,304.51,Mini Truck,Pharma,Fog,4273.0,6,4.0,On-Time,0.026978262737348577,0.32026736389322313,0.48652106962653263
SC10999,2025-11-29,Mumbai,Hyderabad,480.2,636.91,Heavy Truck,Pharma,Clear,2027.93,6,4.0,On-Time,0.4081106624280437,0.6707080504364695,0.22150832993470504
SC11000,2025-09-16,Chennai,Delhi,696.4,178.91,Bike,Electronics,Clear,3517.62,6,4.0,On-Time,0.5938654523584501,0.18785054611394594,0.3973544408317009
SC11001,2025-06-10,Chennai,Delhi,713.2,593.74,Bike,Furniture,Clear,3625.69,3,4.0,Delayed,0.6082996821032736,0.6251950406949776,0.4101112487612959
SC11002,2025-06-27,Bengaluru,Mumbai,362.0,319.96,Bike,Furniture,Clear,1993.17,2,4.0,Delayed,0.3065555460091074,0.33655589760890653,0.21740518712326132
SC11003,2025-01-10,Chennai,Bengaluru,370.1,201.04,Mini Truck,Furniture,Clear,2196.64,7,3.0,On-Time,0.313514906778933,0.21118163032935522,0.2414232097885217
SC11004,2025-09-18,Hyderabad,Chennai,66.2,297.87,Bike,Furniture,Clear,4609.14,6,2.0,On-Time,0.05241000085918035,0.31326698435457345,0.5261997354676916
SC11005,2025-05-18,Hyderabad,Bengaluru,538.3,170.31,Bike,Pharma,Rain,3558.93,7,5.0,On-Time,0.4580290402955581,0.17878378948256232,0.4022307592879938
SC11006,2025-06-21,Hyderabad,Delhi,657.9,856.87,Bike,Groceries,Rain,1022.89,4,6.0,Delayed,0.5607870091932297,0.9026061653945094,0.10287131465238672
SC11007,2025-01-13,Bengaluru,Bengaluru,199.5,377.63,Heavy Truck,Furniture,Clear,5050.18,4,3.0,On-Time,0.16693874044161872,0.3973558807405221,0.5782610158347553
SC11008,2025-06-17,Hyderabad,Mumbai,339.9,233.39,Van,Groceries,Rain,5316.22,7,5.0,On-Time,0.2875676604519289,0.24528739509973432,0.6096649316447807
SC11009,2025-05-10,Chennai,Chennai,671.9,426.26,Mini Truck,Furniture,Clear,2876.93,1,5.0,Delayed,0.5728155339805826,0.4486252266689158,0.3217260585571362
SC11010,2025-03-25,Mumbai,Mumbai,702.3,304.85,Bike,Apparel,Fog,1372.11,6,8.0,Delayed,0.5989346163759773,0.32062581706237087,0.14409397094158036
SC11011,2025-11-17,Mumbai,Chennai,198.3,707.33,Heavy Truck,Apparel,Clear,5693.5,3,3.0,On-Time,0.16590772403127418,0.7449500274111248,0.6541998487880915
SC11012,2025-11-15,Delhi,Delhi,442.7,922.67,Van,Apparel,Rain,5311.28,4,6.0,Delayed,0.37589139960477713,0.9719773963648632,0.6090818037538563
SC11013,2025-04-11,Chennai,Chennai,158.0,416.41,Van,Furniture,Clear,1579.63,5,3.0,On-Time,0.131282756250537,0.43824062750390086,0.16859006404373225
SC11014,2025-11-25,Hyderabad,Chennai,86.0,818.05,Van,Groceries,Fog,709.22,2,2.0,On-Time,0.06942177162986513,0.8616792476700544,0.0658450544203514
SC11015,2025-09-30,Mumbai,Chennai,729.3,537.79,Heavy Truck,Pharma,Clear,2727.82,5,5.0,On-Time,0.6221324856087292,0.5662084088896386,0.30412480353370785
SC11016,2025-09-22,Chennai,Bengaluru,657.3,149.8,Bike,Electronics,Clear,4106.92,7,4.0,On-Time,0.5602715009880574,0.15716062919073928,0.4669166404514874
SC11017,2025-02-07,Mumbai,Bengaluru,609.2,656.25,Van,Pharma,Rain,1176.02,4,7.0,Delayed,0.5189449265400808,0.6910977101168136,0.12094709885021107
SC11018,2025-04-04,Hyderabad,Delhi,43.8,488.01,Heavy Truck,Furniture,Clear,3152.29,4,2.0,On-Time,0.033164361199415765,0.5137266478303041,0.3542301265824279
SC11019,2025-04-05,Mumbai,Chennai,675.8,618.25,Heavy Truck,Apparel,Rain,2638.68,1,6.0,Delayed,0.5761663373142023,0.6510352970944209,0.2936025322387685
SC11020,2025-11-01,Delhi,Hyderabad,353.2,845.26,Mini Truck,Apparel,Rain,5359.72,1,5.0,Delayed,0.2989947589999141,0.8903660439421416,0.6147997622632445
SC11021,2025-03-10,Delhi,Delhi,277.2,418.69,Heavy Truck,Groceries,Clear,2662.96,6,2.0,On-Time,0.23369705301142712,0.4406443722852444,0.29646859401845355
SC11022,2025-11-14,Mumbai,Chennai,439.4,856.17,Van,Furniture,Clear,3272.59,7,4.0,On-Time,0.37305610447632964,0.9018681735756758,0.36843058918935195
SC11023,2025-08-24,Chennai,Chennai,77.6,713.26,Van,Pharma,Clear,5738.42,2,3.0,Delayed,0.0622046567574534,0.7512018723906718,0.6595022991646753
SC11024,2025-11-30,Chennai,Bengaluru,606.5,464.43,Heavy Truck,Furniture,Rain,1903.2,6,4.0,On-Time,0.5166251396168057,0.48886686627588244,0.20678494089928
SC11025,2025-05-17,Chennai,Delhi,468.0,573.26,Van,Furniture,Clear,1840.6,1,4.0,Delayed,0.3976286622562077,0.6036035086239616,0.19939550649201945
SC11026,2025-03-17,Mumbai,Chennai,153.3,309.64,Heavy Truck,Apparel,Clear,4827.63,3,2.0,On-Time,0.12724460864335427,0.32567578965124616,0.5519907502223618
SC11027,2025-02-04,Chennai,Chennai,398.2,457.015,Van,Pharma,Clear,3093.86,2,6.0,Delayed,0.33765787438783407,0.4810494243663813,0.3473329276620408
SC11028,2025-01-01,Hyderabad,Delhi,151.5,634.15,Mini Truck,Electronics,Clear,5016.42,3,3.0,On-Time,0.12569808402783744,0.6677982541222115,0.5742759151064947
SC11029,2025-10-23,Delhi,Hyderabad,50.3,42.13,Bike,Apparel,Storm,708.88,6,2.0,On-Time,0.0387490334221153,0.04364694471387003,0.06580492011206915
SC11030,2025-11-16,Hyderabad,Delhi,472.3,310.63,Mini Truck,Pharma,Rain,800.88,1,5.0,Delayed,0.40132313772660894,0.3267195209378822,0.07666479176491212
SC11031,2025-03-01,Chennai,Delhi,673.1,592.34,Mini Truck,Groceries,Clear,5422.74,2,6.0,Delayed,0.5738465503909271,0.6237190570573105,0.622238774345442
SC11032,2025-11-16,Hyderabad,Hyderabad,18.9,53.99,Bike,Apparel,Clear,3313.75,6,1.0,On-Time,0.011770770684766733,0.0561506346729642,0.37328920133316734
SC11033,2025-12-15,Chennai,Delhi,44.0,23.18,Van,Groceries,Rain,4355.06,4,2.0,On-Time,0.033336197267806525,0.023668451904018895,0.49620760297253586
SC11034,2025-11-24,Mumbai,Chennai,460.4,427.8,Bike,Apparel,Clear,1467.94,6,4.0,On-Time,0.39109889165735895,0.4502488086703496,0.15540594377301453
SC11035,2025-09-24,Hyderabad,Delhi,656.5,316.39,Heavy Truck,Furniture,Clear,1122.71,7,6.0,On-Time,0.5595841567144945,0.3327921393328554,0.11465427539572132
SC11036,2025-12-27,Mumbai,Hyderabad,264.8,416.66,Bike,Pharma,Clear,5034.48,5,3.0,On-Time,0.22304321677120031,0.4385041960106271,0.576407755128781
SC11037,2025-08-17,Mumbai,Mumbai,282.9,249.93,Mini Truck,Groceries,Rain,2247.95,4,4.0,On-Time,0.23859438096056362,0.26272508750474427,0.2474799490766453
SC11038,2025-09-27,Bengaluru,Delhi,479.1,156.9,Bike,Apparel,Rain,2811.94,3,5.0,Delayed,0.4071655640518946,0.1646459747817653,0.3140545035710682
SC11039,2025-11-12,Chennai,Bengaluru,223.0,654.84,Van,Groceries,Clear,313.64,4,2.0,On-Time,0.18712947847753245,0.6896111837388775,0.01914996715479035
SC11040,2025-10-13,Delhi,Chennai,26.2,489.09,Mini Truck,Apparel,Clear,2407.4,6,3.0,On-Time,0.0180427871810293,0.5148652637793616,0.26630175924018673
SC11041,2025-10-18,Chennai,Chennai,589.5,190.55,Heavy Truck,Apparel,Rain,4657.06,4,7.0,Delayed,0.5020190738035915,0.200122295787121,0.5318563120938247
SC11042,2025-08-01,Delhi,Bengaluru,502.4,303.95,Van,Electronics,Storm,4954.46,5,6.0,Delayed,0.42718446601941756,0.3196769704381563,0.5669620276324713
SC11043,2025-06-14,Chennai,Bengaluru,466.7,562.42,Mini Truck,Electronics,Clear,4237.72,7,4.0,On-Time,0.39651172781166777,0.5921751781723106,0.48235654493183366
SC11044,2025-01-05,Mumbai,Delhi,398.2,457.015,Heavy Truck,Electronics,Clear,3093.86,6,5.0,On-Time,0.33765787438783407,0.4810494243663813,0.3473329276620408
SC11045,2025-12-05,Hyderabad,Bengaluru,541.8,140.51,Van,Groceries,Fog,3111.5,5,6.0,Delayed,0.4610361714923963,0.14736642348079113,0.34941519000939025
SC11046,2025-03-19,Hyderabad,Mumbai,168.7,70.05,Heavy Truck,Furniture,Rain,3299.23,4,3.0,On-Time,0.1404759859094424,0.07308227554505967,0.37157523028534906
SC11047,2025-03-03,Bengaluru,Hyderabad,285.2,771.8,Bike,Apparel,Rain,4494.4,5,4.0,On-Time,0.24057049574705733,0.8129190739256948,0.5126555868432655
SC11048,2025-05-12,Delhi,Bengaluru,105.3,714.91,Bike,Pharma,Fog,1596.72,4,5.0,Delayed,0.08600395222957301,0.7529414245350652,0.170607403245331
SC11049,2025-03-30,Delhi,Bengaluru,108.2,715.77,Heavy Truck,Electronics,Rain,1504.37,2,4.0,Delayed,0.08849557522123896,0.7538481001982036,0.15970621686337394
SC11050,2025-08-25,Delhi,Mumbai,542.6,680.65,Bike,Groceries,Clear,5707.06,4,5.0,Delayed,0.4617235157659594,0.7168219963732975,0.655800499436054
SC11051,2025-02-11,Mumbai,Chennai,687.6,636.08,Heavy Truck,Groceries,Rain,311.99,1,6.0,Delayed,0.5863046653492568,0.6698330029941384,0.01895519771753828
SC11052,2025-03-30,Delhi,Chennai,770.4,453.4,Van,Groceries,Rain,965.87,5,7.0,Delayed,0.6574447976630295,0.47723822375911945,0.09614055506928776
SC11053,2025-10-23,Hyderabad,Delhi,504.5,610.34,Mini Truck,Pharma,Storm,3486.44,7,5.0,On-Time,0.4289887447375205,0.6426959895416018,0.39367388867805264
SC11054,2025-11-24,Mumbai,Mumbai,151.4,36.92,Heavy Truck,Pharma,Clear,4466.33,5,2.0,On-Time,0.12561216599364208,0.0381541770336946,0.5093421455683166
SC11055,2025-10-22,Chennai,Hyderabad,89.0,590.58,Mini Truck,Electronics,Clear,3296.66,3,3.0,On-Time,0.07199931265572646,0.6218635347699576,0.37127186213156854
SC11056,2025-04-14,Delhi,Hyderabad,651.2,739.09,Mini Truck,Pharma,Rain,2227.12,7,6.0,On-Time,0.5550305009021395,0.77843377050563,0.24502113248394183
SC11057,2025-01-14,Delhi,Mumbai,465.1,475.59,Heavy Truck,Electronics,Clear,5871.16,7,4.0,On-Time,0.39513703926454175,0.5006325644161431,0.6751712052863966
SC11058,2025-10-15,Chennai,Hyderabad,496.5,339.96,Bike,Pharma,Clear,4267.54,3,4.0,Delayed,0.4221153020018903,0.35764137814700797,0.485876559852353
SC11059,2025-06-28,Delhi,Chennai,626.3,263.92,Van,Pharma,Fog,5013.64,1,6.0,Delayed,0.5336369103874904,0.27747438114114625,0.5739477581152458
SC11060,2025-05-05,Chennai,Hyderabad,564.1,610.84,Mini Truck,Pharma,Clear,385.44,5,4.0,On-Time,0.48019589311796557,0.6432231265550543,0.027625388727335186
SC11061,2025-12-19,Mumbai,Hyderabad,668.4,658.31,Van,Electronics,Rain,1530.13,7,7.0,On-Time,0.5698084027837443,0.6932695146122381,0.16274698092617
SC11062,2025-01-23,Hyderabad,Mumbai,49.7,827.48,Mini Truck,Apparel,Fog,2338.9,5,4.0,On-Time,0.03823352521694305,0.8716210517437694,0.25821587654214606
SC11063,2025-03-04,Chennai,Mumbai,599.3,325.55,Heavy Truck,Electronics,Clear,1218.22,7,5.0,On-Time,0.5104390411547384,0.3424492894193059,0.12592847476053687
SC11064,2025-05-23,Bengaluru,Hyderabad,681.4,731.4,Bike,Apparel,Storm,576.46,3,7.0,Delayed,0.5809777472291434,0.7703264032387299,0.05017378745696629
SC11065,2025-06-02,Chennai,Bengaluru,232.5,533.51,Van,Groceries,Rain,1466.79,3,4.0,Delayed,0.19529169172609334,0.561696116054485,0.15527019537735398
SC11066,2025-05-25,Delhi,Mumbai,514.2,838.75,Mini Truck,Groceries,Clear,3271.77,4,4.0,On-Time,0.43732279405447216,0.8835027200269895,0.3683337946811418
SC11067,2025-08-13,Mumbai,Delhi,254.8,501.66,Heavy Truck,Electronics,Clear,4220.11,6,3.0,On-Time,0.21445141335166254,0.5281174882975584,0.4802778238469797
SC11068,2025-11-05,Mumbai,Delhi,398.2,457.015,Heavy Truck,Apparel,Clear,3093.86,5,8.0,Delayed,0.33765787438783407,0.4810494243663813,0.3473329276620408
SC11069,2025-04-14,Chennai,Chennai,31.6,549.19,Mini Truck,Apparel,Clear,401.18,5,2.0,On-Time,0.022682361027579694,0.5782271327963566,0.029483371116636792
SC11070,2025-04-14,Hyderabad,Hyderabad,465.9,711.97,Mini Truck,Apparel,Clear,2653.72,7,5.0,On-Time,0.39582438353810473,0.7498418588959643,0.2953778851698419
SC11071,2025-02-08,Bengaluru,Bengaluru,398.2,457.015,Mini Truck,Groceries,Clear,3093.86,4,3.0,On-Time,0.33765787438783407,0.4810494243663813,0.3473329276620408
SC11072,2025-07-17,Mumbai,Chennai,571.2,70.35,Bike,Electronics,Clear,2672.52,5,4.0,On-Time,0.4862960735458374,0.07339855775313119,0.29759707633368376
SC11073,2025-05-14,Delhi,Hyderabad,144.8,51.24,Mini Truck,Furniture,Clear,2688.76,7,1.0,On-Time,0.11994157573674717,0.053251381098975245,0.29951407976457695
SC11074,2025-03-08,Delhi,Mumbai,192.1,890.7,Mini Truck,Apparel,Storm,3064.54,1,5.0,Delayed,0.16058080591116075,0.9382722557247081,0.34387193378311304
SC11075,2025-06-28,Hyderabad,Delhi,398.0,503.62,Bike,Apparel,Fog,5373.06,3,6.0,Delayed,0.33748603831944335,0.5301838653902924,0.6163744436529067
SC11076,2025-02-11,Mumbai,Bengaluru,732.3,584.35,Heavy Truck,Furniture,Clear,4859.81,3,6.0,Delayed,0.6247100266345906,0.6152954075823389,0.5557893444591933
SC11077,2025-01-15,Chennai,Delhi,173.3,458.56,Mini Truck,Electronics,Clear,3874.82,6,3.0,On-Time,0.1444282154824298,0.4826782777379497,0.43951907294469555
SC11078,2025-04-21,Delhi,Mumbai,119.7,89.43,Van,Apparel,Rain,5329.63,3,1.0,On-Time,0.09837614915370739,0.09351410618648,0.6112478759802658
SC11079,2025-06-06,Hyderabad,Hyderabad,608.4,729.8,Heavy Truck,Electronics,Clear,4119.04,2,5.0,Delayed,0.5182575822665177,0.7686395647956817,0.46834731049966627
SC11080,2025-10-16,Mumbai,Mumbai,403.0,709.99,Van,Apparel,Rain,4940.3,1,4.0,Delayed,0.3417819400292122,0.7477543963226922,0.565290551734599
SC11081,2025-08-19,Mumbai,Mumbai,729.9,296.46,Mini Truck,Pharma,Fog,3448.1,1,6.0,Delayed,0.6226479938139016,0.3117804579766373,0.3891481552088135
SC11082,2025-06-06,Mumbai,Delhi,121.6,291.27,Bike,Apparel,Fog,3222.53,4,3.0,On-Time,0.10000859180341955,0.30630877577699994,0.3625214025052072
SC11083,2025-02-07,Mumbai,Bengaluru,518.5,796.03,Bike,Pharma,Clear,4385.97,2,4.0,Delayed,0.44101726952487336,0.8384641335976047,0.4998562837637247
SC11084,2025-04-07,Mumbai,Mumbai,190.1,69.2,Bike,Electronics,Clear,265.18,5,3.0,On-Time,0.1588624452272532,0.07218614262219036,0.013429647803738516
SC11085,2025-10-16,Delhi,Delhi,129.6,837.11,Mini Truck,Apparel,Clear,4188.71,6,3.0,On-Time,0.10688203453904976,0.8817737106228652,0.47657130243503115
SC11086,2025-09-11,Hyderabad,Bengaluru,548.3,244.2,Mini Truck,Groceries,Clear,5616.93,1,4.0,Delayed,0.4666208437150959,0.2566840973305782,0.6451613664787634
SC11087,2025-07-15,Mumbai,Hyderabad,477.0,563.54,Van,Groceries,Clear,4326.56,2,4.0,Delayed,0.4053612853337917,0.5933559650824443,0.4928434036018181
SC11088,2025-03-27,Bengaluru,Hyderabad,605.1,889.23,Bike,Furniture,Fog,365.24,2,7.0,Delayed,0.5154222871380704,0.9367224729051576,0.02524093864703706
SC11089,2025-11-18,Bengaluru,Chennai,251.0,644.38,Mini Truck,Groceries,Fog,2360.63,7,5.0,On-Time,0.2111865280522382,0.6785834774174504,0.26078093100971433
SC11090,2025-01-10,Hyderabad,Delhi,361.1,394.0,Heavy Truck,Pharma,Storm,4886.05,1,6.0,Delayed,0.305782283701349,0.41461434656095814,0.5588867687219171
SC11091,2025-01-05,Chennai,Bengaluru,327.3,655.21,Mini Truck,Groceries,Fog,5757.86,7,4.0,On-Time,0.27674198814331136,0.6900012651288324,0.6617970372617542
SC11092,2025-05-03,Chennai,Mumbai,787.4,327.11,Mini Truck,Groceries,Clear,2315.46,4,5.0,Delayed,0.6720508634762438,0.3440939569012778,0.2554489701123348
SC11093,2025-11-26,Chennai,Hyderabad,237.3,263.76,Heavy Truck,Groceries,Rain,5070.99,2,5.0,Delayed,0.19941575736747147,0.2773056972968414,0.580717471585795
SC11094,2025-12-19,Bengaluru,Bengaluru,239.4,946.85,Bike,Apparel,Clear,5203.29,3,3.0,On-Time,0.2012200360855744,0.997469742335428,0.596334439190916
SC11095,2025-04-28,Chennai,Delhi,286.9,713.38,Heavy Truck,Furniture,Clear,871.23,2,4.0,Delayed,0.24203110232837874,0.7513283852739004,0.08496905231684149
SC11096,2025-10-21,Delhi,Chennai,453.9,612.66,Bike,Electronics,Clear,5097.86,5,5.0,On-Time,0.3855142194346594,0.6451419052840215,0.5838892623609243
SC11097,2025-06-08,Mumbai,Hyderabad,205.6,337.85,Heavy Truck,Furniture,Rain,2046.86,1,3.0,Delayed,0.17217974052753673,0.3554168599502383,0.22374286656936063
SC11098,2025-10-30,Bengaluru,Bengaluru,732.7,47.18,Van,Pharma,Rain,3620.44,5,7.0,Delayed,0.6250536987713722,0.04897102854974065,0.40949152782458476
SC11099,2025-08-16,Hyderabad,Bengaluru,216.2,29.99,Bike,Apparel,Clear,3302.93,4,2.0,On-Time,0.18128705215224677,0.03084805802724244,0.3720119859931264
SC11100,2025-12-31,Hyderabad,Bengaluru,398.2,457.015,Mini Truck,Apparel,Clear,3093.86,6,4.0,On-Time,0.33765787438783407,0.4810494243663813,0.3473329276620408
SC11101,2025-08-04,Mumbai,Delhi,87.3,724.05,Van,Groceries,Clear,4481.72,3,2.0,On-Time,0.07053870607440503,0.7625774891409776,0.5111588132285042
SC11102,2025-07-03,Bengaluru,Delhi,527.0,510.74,Bike,Groceries,Clear,2729.15,1,4.0,Delayed,0.44832030243148047,0.5376902964618565,0.3042817995043413
SC11103,2025-01-15,Chennai,Delhi,726.1,798.83,Bike,Pharma,Clear,5346.62,2,5.0,Delayed,0.6193831085144773,0.841416100872939,0.6132534109735462
SC11104,2025-06-06,Chennai,Mumbai,139.2,32.24,Bike,Apparel,Rain,4885.57,3,2.0,On-Time,0.115130165821806,0.03322017458777886,0.5588301085219892
SC11105,2025-05-16,Delhi,Bengaluru,774.8,348.73,Heavy Truck,Electronics,Rain,4744.71,2,7.0,Delayed,0.6612251911676261,0.3668873613629655,0.5422027006848211
SC11106,2025-09-18,Delhi,Hyderabad,365.0,225.6,Bike,Furniture,Clear,2830.74,4,3.0,On-Time,0.3091330870349687,0.2370746004301438,0.31627369473490996
SC11107,2025-06-06,Chennai,Delhi,756.8,425.19,Mini Truck,Apparel,Rain,369.8,6,6.0,On-Time,0.6457599450124581,0.44749715346012736,0.025779210546351884
SC11108,2025-02-16,Hyderabad,Delhi,543.1,69.22,Bike,Electronics,Clear,3029.7,1,5.0,Delayed,0.46215310593693626,0.07220722810272846,0.3397593476050147
SC11109,2025-11-20,Hyderabad,Bengaluru,244.8,906.45,Mini Truck,Electronics,Storm,5405.91,4,5.0,Delayed,0.2058596099321248,0.954877071648463,0.6202521260854708
SC11110,2025-11-28,Delhi,Delhi,154.7,212.48,Mini Truck,Furniture,Clear,1264.13,4,2.0,On-Time,0.12844746112208952,0.22324252519714924,0.1313477867994719
SC11111,2025-06-22,Mumbai,Mumbai,246.5,876.23,Mini Truck,Electronics,Rain,5898.17,6,3.0,On-Time,0.2073202165134462,0.9230169105553917,0.6783595219531716
SC11112,2025-05-10,Chennai,Mumbai,78.9,404.89,Van,Pharma,Fog,4874.99,4,3.0,On-Time,0.06332159120199332,0.42609539071395436,0.5575812232819123
SC11113,2025-04-05,Delhi,Delhi,119.4,936.26,Mini Truck,Electronics,Fog,4302.5,4,4.0,On-Time,0.09811839505112126,0.9863049803905032,0.49000331108043327
SC11114,2025-04-25,Delhi,Bengaluru,88.2,526.58,Heavy Truck,Pharma,Clear,4111.39,2,3.0,Delayed,0.07131196838216343,0.5543899970480328,0.46744428856331577
SC11115,2025-08-31,Chennai,Bengaluru,341.2,884.33,Bike,Electronics,Rain,3584.1,7,4.0,On-Time,0.2886845948964688,0.9315565301733228,0.4052018785217118
SC11116,2025-10-19,Chennai,Bengaluru,637.5,5.58,Heavy Truck,Groceries,Clear,4365.92,5,4.0,On-Time,0.5432597302173727,0.005113229030489605,0.49748953999590395
SC11117,2025-10-09,Hyderabad,Chennai,117.4,710.95,Van,Electronics,Clear,2618.15,2,3.0,Delayed,0.0964000343672137,0.7487664993885212,0.29117912827101994
SC11118,2025-10-26,Mumbai,Delhi,108.6,857.95,Bike,Pharma,Clear,5094.94,6,3.0,On-Time,0.08883924735802046,0.903744781343567,0.5835445794780297
SC11119,2025-10-10,Mumbai,Bengaluru,516.5,133.16,Mini Truck,Electronics,Fog,4223.62,3,5.0,Delayed,0.4392989088409658,0.13961750938303885,0.4806921515589523
SC11120,2025-03-10,Chennai,Mumbai,161.8,91.77,Bike,Electronics,Fog,4661.83,6,3.0,On-Time,0.13454764154996135,0.09598110740943785,0.5324193728306078
SC11121,2025-05-28,Bengaluru,Hyderabad,82.6,403.63,Van,Electronics,Clear,4786.05,6,3.0,On-Time,0.06650055846722228,0.424767005440054,0.5470825604036096
SC11122,2025-01-11,Delhi,Hyderabad,137.6,887.03,Van,Pharma,Clear,688.61,6,2.0,On-Time,0.11375547727467997,0.9344030700459665,0.06341220708594822
SC11123,2025-09-11,Delhi,Bengaluru,739.4,515.5,Heavy Truck,Electronics,Storm,475.5,6,8.0,Delayed,0.6308102070624625,0.5427086408299246,0.03825625873880297
SC11124,2025-11-26,Chennai,Hyderabad,658.1,501.32,Bike,Furniture,Clear,4835.77,4,5.0,Delayed,0.5609588452616205,0.5277590351284106,0.5529516127794721
SC11125,2025-12-26,Bengaluru,Hyderabad,286.5,134.5,Bike,Furniture,Clear,1667.4,6,4.0,On-Time,0.24168743019159725,0.14103023657909164,0.1789506176847108
SC11126,2025-02-07,Hyderabad,Chennai,526.4,1.25,Bike,Pharma,Clear,3554.52,3,4.0,Delayed,0.4478047942263082,0.000548222493990638,0.4017101937011564
SC11127,2025-05-14,Chennai,Mumbai,432.1,769.73,Heavy Truck,Groceries,Rain,2745.71,6,6.0,On-Time,0.3667840879800671,0.8107367266900014,0.30623657640185303
SC11128,2025-07-19,Chennai,Mumbai,543.3,83.65,Van,Furniture,Clear,278.93,2,4.0,Delayed,0.462324942005327,0.08742040231096868,0.015052726447505806
SC11129,2025-01-23,Delhi,Chennai,547.7,602.34,Mini Truck,Apparel,Rain,385.65,4,6.0,Delayed,0.46610533550992367,0.6342617973263612,0.027650177564803625
SC11130,2025-10-30,Chennai,Chennai,504.8,868.93,Van,Furniture,Clear,4988.68,2,5.0,Delayed,0.4292464988401066,0.9153207101589845,0.5710014277189962
SC11131,2025-12-12,Chennai,Hyderabad,398.2,457.015,Heavy Truck,Apparel,Clear,3093.86,4,3.0,On-Time,0.33765787438783407,0.4810494243663813,0.3473329276620408
SC11132,2025-10-29,Chennai,Delhi,36.0,632.18,Heavy Truck,Pharma,Clear,3214.48,2,2.0,On-Time,0.026462754532176308,0.6657213342892085,0.3615711637355834
SC11133,2025-12-29,Delhi,Hyderabad,367.2,75.22,Mini Truck,Groceries,Clear,5674.46,1,3.0,Delayed,0.311023283787267,0.0785328722641589,0.6519523275242857
SC11134,2025-08-06,Hyderabad,Chennai,713.3,573.77,Van,Apparel,Clear,1162.72,5,4.0,On-Time,0.6083856001374689,0.6041411883776832,0.11937713914387618
SC11135,2025-05-21,Hyderabad,Mumbai,398.2,457.015,Bike,Apparel,Clear,3093.86,5,5.0,On-Time,0.33765787438783407,0.4810494243663813,0.3473329276620408
SC11136,2025-04-14,Chennai,Hyderabad,666.8,699.29,Bike,Furniture,Rain,4576.92,4,6.0,Delayed,0.5684337142366183,0.736473664234808,0.5223964195475329
SC11137,2025-07-29,Delhi,Delhi,793.3,286.52,Heavy Truck,Apparel,Clear,4685.13,1,6.0,Delayed,0.677120027493771,0.3013009741492009,0.5351697533687736
SC11138,2025-04-21,Hyderabad,Hyderabad,398.2,457.015,Van,Pharma,Clear,3093.86,3,2.0,On-Time,0.33765787438783407,0.4810494243663813,0.3473329276620408
SC11139,2025-04-14,Hyderabad,Bengaluru,555.0,569.66,Bike,Pharma,Storm,5713.22,1,7.0,Delayed,0.4723773520061862,0.5998081221271033,0.6565276386684618
SC11140,2025-11-12,Hyderabad,Hyderabad,541.1,163.12,Mini Truck,Pharma,Rain,5638.79,7,5.0,On-Time,0.46043474525302874,0.17120355922911484,0.6477417664171454
SC11141,2025-06-20,Delhi,Chennai,784.1,704.69,Van,Furniture,Storm,222.6,4,8.0,Delayed,0.6692155683477963,0.7421667439800954,0.008403415901803154
SC11142,2025-12-22,Delhi,Mumbai,788.6,287.86,Van,Groceries,Clear,1158.12,1,4.0,Delayed,0.6730818798865883,0.3027137013452537,0.118834145561234
SC11143,2025-11-20,Chennai,Mumbai,550.9,629.42,Heavy Truck,Furniture,Clear,4948.28,3,4.0,Delayed,0.4688547126041757,0.6628115379749505,0.5662325275583998
SC11144,2025-05-13,Mumbai,Chennai,198.7,150.79,Heavy Truck,Pharma,Fog,2111.02,4,4.0,On-Time,0.16625139616805568,0.15820436047737527,0.23131644662638676
SC11145,2025-10-20,Hyderabad,Bengaluru,639.9,653.87,Bike,Furniture,Fog,708.46,5,7.0,Delayed,0.5453217630380617,0.6885885379327796,0.06575534243713227
SC11146,2025-11-24,Mumbai,Chennai,90.1,122.21,Heavy Truck,Pharma,Fog,4742.25,6,3.0,On-Time,0.0729444110318756,0.1280732087884283,0.5419123171601908
SC11147,2025-05-07,Delhi,Hyderabad,625.7,404.38,Van,Electronics,Rain,2809.31,1,5.0,Delayed,0.5331214021823182,0.4255577109602328,0.3137440528922967
SC11148,2025-04-16,Delhi,Chennai,728.6,235.22,Bike,Electronics,Rain,3030.6,5,5.0,On-Time,0.6215310593693617,0.24721671656897062,0.33986558547987944
SC11149,2025-04-02,Delhi,Chennai,398.2,457.015,Bike,Apparel,Clear,3093.86,5,4.0,On-Time,0.33765787438783407,0.4810494243663813,0.3473329276620408
SC11150,2025-10-14,Mumbai,Bengaluru,506.4,249.3,Van,Groceries,Rain,4016.24,2,4.0,Delayed,0.43062118738723265,0.26206089486779405,0.4562125843484461
SC11151,2025-02-20,Delhi,Hyderabad,347.0,837.69,Bike,Electronics,Clear,3374.76,3,4.0,Delayed,0.29366784087980075,0.8823851895584702,0.3804909488281668
SC11152,2025-01-29,Chennai,Delhi,353.0,847.28,Mini Truck,Pharma,Clear,1359.04,7,3.0,On-Time,0.2988229229315234,0.8924956774764897,0.14255116091437758
SC11153,2025-10-23,Delhi,Delhi,251.7,187.02,Mini Truck,Furniture,Clear,2140.94,6,3.0,On-Time,0.21178795429160582,0.1964007084721461,0.2348482657552244
SC11154,2025-10-24,Bengaluru,Mumbai,610.9,583.35,Bike,Furniture,Clear,3641.74,1,5.0,Delayed,0.5204055331214023,0.6142411335554339,0.41200582419638426
SC11155,2025-08-02,Mumbai,Chennai,749.3,83.79,Heavy Truck,Apparel,Clear,5560.5,5,5.0,On-Time,0.6393160924478049,0.08756800067473539,0.6385002517247425
SC11156,2025-09-24,Bengaluru,Mumbai,752.9,372.26,Mini Truck,Furniture,Rain,5534.2,5,7.0,Delayed,0.6424091416788384,0.39169442921604186,0.6353957449370276
SC11157,2025-09-14,Delhi,Bengaluru,144.0,677.8,Bike,Electronics,Fog,1834.25,7,3.0,On-Time,0.11925423146318415,0.713817315396618,0.19864593926380694
SC11158,2025-10-29,Chennai,Delhi,700.4,626.62,Mini Truck,Furniture,Rain,4453.38,3,6.0,Delayed,0.5973021737262652,0.6598595706996163,0.5078135005910958
SC11159,2025-04-11,Hyderabad,Chennai,591.3,593.65,Heavy Truck,Electronics,Clear,4686.79,6,4.0,On-Time,0.5035655984191082,0.6251001560325561,0.5353657032268574
SC11160,2025-12-12,Delhi,Bengaluru,206.0,268.77,Van,Electronics,Storm,4881.62,6,5.0,On-Time,0.17252341266431825,0.2825876101716358,0.5583638422934161
SC11161,2025-04-20,Chennai,Bengaluru,58.5,359.43,Bike,Groceries,Clear,3488.96,7,2.0,On-Time,0.04579431222613628,0.3781680934508498,0.393971354727674
SC11162,2025-07-01,Mumbai,Chennai,218.1,98.25,Bike,Apparel,Rain,211.47,5,4.0,On-Time,0.18291949480195896,0.10281280310378274,0.0070896075159755205
SC11163,2025-11-09,Bengaluru,Bengaluru,730.2,683.21,Bike,Pharma,Clear,4605.81,5,5.0,On-Time,0.6229057479164878,0.7195209378821744,0.525806655330692
SC11164,2025-01-01,Bengaluru,Chennai,508.4,478.94,Bike,Electronics,Clear,773.6,5,5.0,On-Time,0.4323395480711402,0.5041643824062751,0.07344460373567782
SC11165,2025-11-15,Bengaluru,Chennai,578.2,673.47,Bike,Apparel,Clear,833.7,5,4.0,On-Time,0.49231033593951384,0.709252308860119,0.08053893293498066
SC11166,2025-02-24,Mumbai,Hyderabad,209.4,236.87,Bike,Pharma,Rain,3692.91,2,3.0,Delayed,0.1754446258269611,0.248956268713364,0.41804603759286224
SC11167,2025-05-29,Chennai,Mumbai,576.9,308.55,Heavy Truck,Furniture,Clear,5903.6,2,4.0,Delayed,0.49119340149497387,0.32452663096191964,0.6790004904648557
SC11168,2025-11-05,Mumbai,Bengaluru,27.4,317.84,Van,Apparel,Clear,1568.86,7,1.0,On-Time,0.019073803591373832,0.33432083667186774,0.1673187508078505
SC11169,2025-05-17,Bengaluru,Bengaluru,303.4,24.94,Heavy Truck,Apparel,Clear,3927.99,6,3.0,On-Time,0.25620757797061605,0.025523974191371826,0.44579537050753965
SC11170,2025-07-21,Delhi,Hyderabad,503.3,324.32,Heavy Truck,Apparel,Clear,1926.37,4,4.0,On-Time,0.427957728327176,0.3411525323662126,0.20951997596663186
SC11171,2025-11-09,Hyderabad,Hyderabad,121.1,763.24,Van,Furniture,Rain,5407.55,1,3.0,Delayed,0.09957900163244267,0.8038944882553875,0.6204457151018911
SC11172,2025-04-27,Mumbai,Hyderabad,659.3,852.48,Heavy Truck,Furniture,Clear,3622.07,3,5.0,Delayed,0.561989861671965,0.8979779024163962,0.4096839364201732
SC11173,2025-06-03,Mumbai,Delhi,191.8,492.55,Mini Truck,Apparel,Clear,1363.74,4,3.0,On-Time,0.16032305180857465,0.5185130519124532,0.14310595870533804
SC11174,2025-10-18,Chennai,Delhi,523.6,433.0,Heavy Truck,Groceries,Clear,1683.47,2,3.0,Delayed,0.44539908926883764,0.455731033610256,0.1808475539614628
SC11175,2025-03-04,Chennai,Delhi,327.1,29.77,Bike,Electronics,Clear,2680.01,2,2.0,On-Time,0.2765701520749206,0.030616117741323324,0.298481211536725
SC11176,2025-09-01,Mumbai,Chennai,478.9,835.3,Mini Truck,Furniture,Clear,863.95,2,5.0,Delayed,0.4069937279835038,0.879865474634167,0.08410970595126868
SC11177,2025-01-25,Bengaluru,Bengaluru,90.4,12.85,Mini Truck,Groceries,Rain,610.59,4,2.0,On-Time,0.07320216513446175,0.012777801206089488,0.054202563756004664
SC11178,2025-03-31,Hyderabad,Mumbai,18.4,897.54,Van,Furniture,Clear,4128.36,2,3.0,Delayed,0.011341180513789843,0.9454834900687388,0.4694474627149325
SC11179,2025-03-16,Chennai,Chennai,728.1,465.01,Heavy Truck,Apparel,Clear,2531.92,4,6.0,Delayed,0.6211014691983848,0.48947834521148736,0.28100035943814333
SC11180,2025-10-21,Bengaluru,Bengaluru,219.4,325.17,Heavy Truck,Groceries,Clear,4398.42,2,2.0,On-Time,0.18403642924649888,0.34204866528908195,0.5013259076993539
SC11181,2025-07-29,Delhi,Bengaluru,656.6,878.05,Mini Truck,Pharma,Clear,793.84,5,5.0,On-Time,0.5596700747486898,0.9249356892843589,0.07583377549930326
SC11182,2025-12-13,Chennai,Hyderabad,799.5,23.66,Heavy Truck,Electronics,Clear,3717.71,5,5.0,On-Time,0.6824469456138844,0.02417450343693333,0.42097348125580253
SC11183,2025-01-17,Bengaluru,Hyderabad,173.1,552.56,Heavy Truck,Electronics,Clear,2743.34,1,2.0,Delayed,0.14425637941403902,0.5817800362670266,0.3059568166647092
SC11184,2025-05-08,Bengaluru,Chennai,215.8,521.71,Van,Furniture,Clear,489.29,2,3.0,Delayed,0.18094338001546528,0.5492556825370052,0.039884059065897585
SC11185,2025-12-30,Hyderabad,Hyderabad,532.0,208.74,Mini Truck,Electronics,Clear,3337.09,7,5.0,On-Time,0.45261620414124937,0.2192995403365243,0.37604430355466034
SC11186,2025-09-08,Hyderabad,Bengaluru,772.5,407.73,Bike,Pharma,Fog,634.41,1,6.0,Delayed,0.6592490763811325,0.42908952895036484,0.057014326177425516
SC11187,2025-06-28,Delhi,Hyderabad,733.1,619.82,Mini Truck,Groceries,Rain,4992.16,4,7.0,Delayed,0.6253973709081537,0.6526905073166619,0.5714122141684732
SC11188,2025-07-01,Bengaluru,Delhi,404.8,690.91,Van,Groceries,Rain,3846.95,1,5.0,Delayed,0.343328464644729,0.7276388478893434,0.4362292400863832
SC11189,2025-06-01,Bengaluru,Hyderabad,637.1,1.18,Van,Apparel,Clear,3408.26,2,5.0,Delayed,0.5429160580805912,0.000474423312107283,0.38444535861479984
SC11190,2025-01-25,Hyderabad,Bengaluru,112.9,890.04,Van,Groceries,Rain,930.79,4,3.0,On-Time,0.0925337228284217,0.9375764348669506,0.09199963879122547
SC11191,2025-06-29,Chennai,Chennai,782.1,156.72,Heavy Truck,Furniture,Fog,1831.62,7,8.0,Delayed,0.6674972076638888,0.16445620545692238,0.19833548858503544
SC11192,2025-07-17,Chennai,Mumbai,771.7,222.28,Mini Truck,Pharma,Rain,3033.32,4,7.0,Delayed,0.6585617321075695,0.23357441066081897,0.34018665994613745
SC11193,2025-12-10,Mumbai,Hyderabad,135.2,250.67,Heavy Truck,Apparel,Clear,3854.71,5,2.0,On-Time,0.1116934444539909,0.263505250284654,0.4371452466518839
SC11194,2025-06-10,Hyderabad,Bengaluru,243.0,36.41,Heavy Truck,Furniture,Clear,1221.9,4,2.0,On-Time,0.20431308531660797,0.03761649727997301,0.1263628696266506
SC11195,2025-06-26,Mumbai,Mumbai,84.6,117.34,Mini Truck,Furniture,Clear,201.87,4,1.0,On-Time,0.06821891915112983,0.1229388942774006,0.005956403517417996
SC11196,2025-10-12,Hyderabad,Mumbai,221.0,937.04,Van,Furniture,Clear,2166.85,1,4.0,Delayed,0.1854111177936249,0.9871273141314891,0.23790673613049787
SC11197,2025-03-04,Delhi,Delhi,653.7,299.8,Bike,Electronics,Clear,2974.8,7,5.0,On-Time,0.5571784517570239,0.31530173322650024,0.33327883723826385
SC11198,2025-05-30,Bengaluru,Mumbai,305.8,109.98,Bike,Furniture,Fog,1228.94,6,4.0,On-Time,0.25826961079130517,0.11517943743937925,0.12719388589225944
SC11199,2025-06-03,Delhi,Bengaluru,75.3,102.09,Mini Truck,Electronics,Rain,3029.17,4,1.0,On-Time,0.06022854197095971,0.10686121536709822,0.3396967853009277
SC11200,2025-06-05,Hyderabad,Bengaluru,277.1,683.63,Mini Truck,Groceries,Clear,2130.14,3,3.0,On-Time,0.23361113497723177,0.7199637329734746,0.23357341125684714
SC11201,2025-02-18,Bengaluru,Hyderabad,785.2,811.91,Van,Electronics,Clear,2812.27,6,6.0,On-Time,0.6701606667239455,0.8552060051448573,0.3140934574585186
SC11202,2025-12-03,Chennai,Hyderabad,505.6,244.48,Mini Truck,Furniture,Clear,2182.63,5,5.0,On-Time,0.42993384311366967,0.2569792940581116,0.23976944020312682
SC11203,2025-03-25,Chennai,Hyderabad,335.8,20.35,Mini Truck,Pharma,Clear,3826.54,7,2.0,On-Time,0.28404502104991847,0.02068485640787754,0.43382000116861663
SC11204,2025-12-27,Mumbai,Mumbai,137.4,212.32,Van,Pharma,Clear,400.95,7,1.0,On-Time,0.11358364120628922,0.22307384135284444,0.029456221437504683
SC11205,2025-06-26,Hyderabad,Mumbai,789.0,54.16,Van,Groceries,Clear,1149.8,5,6.0,Delayed,0.6734255520233697,0.056329861257538055,0.11785203542915085
SC11206,2025-05-28,Hyderabad,Delhi,657.6,98.67,Heavy Truck,Furniture,Clear,2681.59,4,5.0,Delayed,0.5605292550906436,0.10325559819508287,0.2986677180281543
SC11207,2025-04-28,Chennai,Hyderabad,228.8,410.22,Mini Truck,Electronics,Storm,2234.34,1,4.0,Delayed,0.19211272446086436,0.43171467127735846,0.24587339632452368
SC11208,2025-12-08,Delhi,Chennai,60.7,218.81,Bike,Pharma,Clear,2441.05,6,1.0,On-Time,0.047684508978434584,0.22991607978745837,0.27027387533929725
SC11209,2025-03-04,Bengaluru,Delhi,50.0,490.39,Mini Truck,Apparel,Clear,4852.0,5,1.0,On-Time,0.03849127931952917,0.5162358200143382,0.5548674357895333
SC11210,2025-07-08,Delhi,Chennai,398.2,457.015,Bike,Furniture,Clear,3093.86,5,2.0,On-Time,0.33765787438783407,0.4810494243663813,0.3473329276620408
SC11211,2025-12-26,Delhi,Mumbai,466.7,893.54,Bike,Furniture,Clear,1604.71,3,5.0,Delayed,0.39651172781166777,0.9412663939611184,0.17155055948996376
SC11212,2025-02-18,Chennai,Delhi,743.4,860.69,Bike,Apparel,Clear,5042.89,4,5.0,Delayed,0.6342469284302775,0.9066334921772868,0.5774004890483507
SC11213,2025-11-23,Chennai,Delhi,399.9,538.68,Heavy Truck,Pharma,Rain,2833.92,6,5.0,On-Time,0.3391184809691555,0.5671467127735842,0.31664906855943215
SC11214,2025-09-14,Chennai,Bengaluru,675.1,337.03,Van,Apparel,Clear,1751.85,5,4.0,On-Time,0.5755649110748347,0.3545523552481761,0.1889192716095215
SC11215,2025-08-12,Mumbai,Mumbai,359.5,362.4,Van,Groceries,Clear,5914.92,7,4.0,On-Time,0.30440759515422294,0.3812992873107578,0.680336726846488
SC11216,2025-05-21,Delhi,Mumbai,568.3,391.55,Heavy Truck,Electronics,Rain,4975.09,5,6.0,Delayed,0.4838044505541714,0.41203137519504074,0.5693972358085382
SC11217,2025-08-03,Hyderabad,Delhi,586.8,691.34,Van,Electronics,Clear,5966.38,5,5.0,On-Time,0.49969928688031623,0.7280921857209127,0.6864111724470892
SC11218,2025-07-30,Bengaluru,Mumbai,143.3,429.33,Heavy Truck,Pharma,Clear,1133.92,5,2.0,On-Time,0.11865280522381651,0.45186184793151435,0.11597752714820361
SC11219,2025-11-14,Mumbai,Delhi,292.2,813.97,Mini Truck,Apparel,Clear,991.48,1,4.0,Delayed,0.24658475814073375,0.8573778096402819,0.09916361281960631
SC11220,2025-02-01,Hyderabad,Bengaluru,511.7,896.92,Heavy Truck,Furniture,Rain,3094.76,2,6.0,Delayed,0.43517484319958766,0.9448298401720576,0.3474391655369056
SC11221,2025-06-07,Delhi,Delhi,61.2,319.48,Van,Furniture,Clear,3886.07,3,2.0,On-Time,0.04811409914941148,0.3360498460759921,0.44084704638050515
SC11222,2025-10-12,Chennai,Mumbai,292.4,532.88,Van,Furniture,Clear,1150.7,7,3.0,On-Time,0.24675659420912452,0.5610319234175347,0.11795827330401562
SC11223,2025-11-01,Delhi,Mumbai,430.2,90.76,Mini Truck,Groceries,Rain,5183.52,1,5.0,Delayed,0.36515164533035493,0.09491629064226374,0.5940007472063866
SC11224,2025-10-13,Bengaluru,Delhi,1169.1,190.85,Heavy Truck,Groceries,Clear,3262.28,3,5.0,Delayed,1.0,0.20043857799519252,0.36721357531173443
SC11225,2025-05-24,Mumbai,Delhi,382.3,393.09,Mini Truck,Furniture,Clear,2554.01,5,4.0,On-Time,0.32399690695076905,0.4136549571964745,0.28360790905565747
SC11226,2025-01-19,Mumbai,Delhi,653.8,196.29,Bike,Pharma,Clear,3672.01,3,5.0,Delayed,0.5572643697912192,0.20617382870155612,0.415578958054336
SC11227,2025-01-18,Bengaluru,Hyderabad,348.5,832.79,Heavy Truck,Groceries,Rain,3864.48,4,5.0,Delayed,0.2949566113927314,0.8772192468266352,0.43829851780458257
SC11228,2025-09-14,Hyderabad,Mumbai,638.1,150.79,Mini Truck,Groceries,Fog,400.28,4,6.0,Delayed,0.5437752384225449,0.15820436047737527,0.029377133241772026
SC11229,2025-03-19,Hyderabad,Mumbai,478.4,433.15,Mini Truck,Electronics,Storm,5999.37,2,6.0,Delayed,0.4065641378125269,0.45588917471429174,0.6903053807712988
SC11230,2025-06-24,Mumbai,Hyderabad,709.8,575.61,Van,Electronics,Fog,2278.93,2,7.0,Delayed,0.6053784689406306,0.6060810525871886,0.251136892813657
SC11231,2025-07-13,Mumbai,Delhi,331.7,657.42,Heavy Truck,Pharma,Rain,510.02,3,4.0,Delayed,0.28052238164790794,0.6923312107282925,0.04233107145028274
SC11232,2025-04-23,Chennai,Bengaluru,485.4,364.22,Bike,Groceries,Rain,5136.09,1,5.0,Delayed,0.41257840020620334,0.3832180660397251,0.5884020112010133
SC11233,2025-04-24,Hyderabad,Delhi,505.9,825.71,Bike,Groceries,Rain,5959.16,1,5.0,Delayed,0.43019159721625577,0.8697549867161474,0.6855589086065074
SC11234,2025-08-10,Bengaluru,Delhi,336.8,540.12,Heavy Truck,Apparel,Clear,4925.7,5,3.0,On-Time,0.2849042013918722,0.5686648673723275,0.563567137320126
SC11235,2025-06-15,Hyderabad,Hyderabad,119.7,417.81,Heavy Truck,Pharma,Clear,5133.51,1,3.0,Delayed,0.09837614915370739,0.43971661114156796,0.588097462626401
SC11236,2025-11-15,Chennai,Mumbai,79.4,64.34,Mini Truck,Pharma,Clear,3811.72,2,3.0,Delayed,0.0637511813729702,0.06706237085143171,0.43207061749584347
SC11237,2025-05-12,Mumbai,Delhi,18.3,441.72,Van,Apparel,Clear,5545.6,1,1.0,On-Time,0.01125526247959447,0.46492430312486827,0.6367414246853146
SC11238,2025-09-21,Mumbai,Mumbai,699.5,779.79,Van,Apparel,Rain,359.07,5,6.0,Delayed,0.5965289114185068,0.8213427234006664,0.02451261899379748
SC11239,2025-02-24,Chennai,Chennai,193.0,584.01,Van,Electronics,Clear,4635.33,4,3.0,On-Time,0.16135406821891918,0.6149369544131912,0.5292912576262564
SC11240,2025-12-25,Bengaluru,Mumbai,173.1,790.64,Heavy Truck,Pharma,Clear,4073.65,1,3.0,Delayed,0.14425637941403902,0.8327815965925864,0.46298938034398646
SC11241,2025-05-11,Mumbai,Bengaluru,590.1,469.56,Van,Pharma,Clear,440.07,1,5.0,Delayed,0.5025345820087637,0.49427529203390547,0.034074027731626606
SC11242,2025-10-15,Delhi,Bengaluru,259.4,112.98,Mini Truck,Apparel,Fog,3332.25,2,3.0,Delayed,0.2184036429246499,0.11834225952009447,0.3754729798720542
SC11243,2025-09-23,Mumbai,Delhi,407.3,13.45,Heavy Truck,Furniture,Rain,3163.1,3,3.0,On-Time,0.34547641549961344,0.01341036562223253,0.35550616150163694
SC11244,2025-06-11,Delhi,Mumbai,134.2,288.41,Heavy Truck,Furniture,Clear,4195.48,4,2.0,On-Time,0.11083426411203713,0.3032935520600515,0.4773704473381805
SC11245,2025-03-28,Chennai,Delhi,768.0,663.24,Van,Electronics,Clear,603.56,3,6.0,Delayed,0.6553827648423405,0.6984670855648801,0.05337272791122762
SC11246,2025-02-24,Chennai,Hyderabad,682.0,750.85,Bike,Furniture,Clear,4860.88,5,6.0,Delayed,0.5814932554343157,0.7908320330620336,0.555915649488199
SC11247,2025-10-15,Mumbai,Bengaluru,691.7,281.32,Bike,Furniture,Clear,965.51,5,6.0,Delayed,0.5898273047512674,0.29581874920929446,0.09609805991934184
SC11248,2025-06-27,Hyderabad,Delhi,328.4,471.12,Mini Truck,Furniture,Clear,2599.19,3,3.0,On-Time,0.2776870865194605,0.4959199595158774,0.2889410503738688
SC11249,2025-12-15,Delhi,Hyderabad,611.1,400.35,Van,Groceries,Rain,5305.53,2,7.0,Delayed,0.520577369189793,0.4213089866318054,0.6084030617755536
SC11250,2025-01-08,Bengaluru,Delhi,119.4,390.29,Van,Electronics,Clear,3429.11,6,2.0,On-Time,0.09811839505112126,0.41070298992114035,0.3869065360491669
SC11251,2025-11-17,Mumbai,Mumbai,11.9,220.17,Heavy Truck,Apparel,Clear,2370.61,2,2.0,On-Time,0.005756508291090302,0.23134989246404924,0.2619589909998814
SC11252,2025-11-09,Bengaluru,Mumbai,20.9,129.98,Heavy Truck,Furniture,Clear,431.98,6,1.0,On-Time,0.013489131368674287,0.1362649179774807,0.03311906727867552
SC11253,2025-09-04,Mumbai,Mumbai,471.3,187.26,Van,Groceries,Clear,4082.8,6,4.0,On-Time,0.4004639573846551,0.1966537342386033,0.4640694654051116
SC11254,2025-11-19,Hyderabad,Mumbai,367.0,53.04,Heavy Truck,Furniture,Clear,5921.3,2,3.0,Delayed,0.31085144771887624,0.055149074347404375,0.6810898353371961
SC11255,2025-09-12,Hyderabad,Chennai,416.8,188.63,Van,Groceries,Clear,5484.01,6,4.0,On-Time,0.3536386287481743,0.19809808965546324,0.629471212782069
SC11256,2025-11-24,Hyderabad,Hyderabad,398.2,457.015,Mini Truck,Electronics,Clear,3093.86,6,3.0,On-Time,0.33765787438783407,0.4810494243663813,0.3473329276620408
SC11257,2025-02-23,Hyderabad,Hyderabad,341.0,596.08,Heavy Truck,Furniture,Rain,765.96,6,5.0,On-Time,0.2885127588280781,0.6276620419179354,0.07254276222015912
SC11258,2025-09-06,Chennai,Mumbai,575.9,300.9,Van,Groceries,Clear,1550.72,4,5.0,Delayed,0.4903342211530201,0.31646143465609583,0.1651774674189095
SC11259,2025-08-27,Chennai,Chennai,356.9,924.5,Heavy Truck,Pharma,Clear,1243.07,5,5.0,On-Time,0.3021737262651431,0.9739067178340995,0.12886182052763628
SC11260,2025-08-17,Delhi,Mumbai,587.1,184.43,Mini Truck,Pharma,Clear,2229.45,6,5.0,On-Time,0.49995704098290245,0.19367013874246194,0.2452961705377584
SC11261,2025-03-08,Bengaluru,Chennai,190.3,328.86,Heavy Truck,Groceries,Rain,1527.78,5,3.0,On-Time,0.15903428129564398,0.3459389364483617,0.16246958203068976
SC11262,2025-02-20,Mumbai,Mumbai,651.4,340.27,Van,Furniture,Clear,1579.97,7,5.0,On-Time,0.5552023369705301,0.35796820309534855,0.16863019835201448
SC11263,2025-04-07,Mumbai,Bengaluru,472.8,8.52,Heavy Truck,Furniture,Rain,3757.87,5,5.0,On-Time,0.4017527278975858,0.008212794669590521,0.42571405131643486
SC11264,2025-04-02,Chennai,Bengaluru,398.2,457.015,Heavy Truck,Electronics,Clear,3093.86,7,5.0,On-Time,0.33765787438783407,0.4810494243663813,0.3473329276620408
SC11265,2025-09-21,Mumbai,Delhi,193.2,30.88,Van,Electronics,Clear,4111.4,4,1.0,On-Time,0.16152590428730992,0.03178636191118796,0.4674454689841475
SC11266,2025-10-18,Chennai,Mumbai,504.3,893.2,Bike,Apparel,Rain,5695.15,5,4.0,On-Time,0.42881690866912975,0.9409079407919708,0.6543946182253435
SC11267,2025-04-06,Delhi,Hyderabad,664.8,847.52,Heavy Truck,Electronics,Rain,3885.1,3,7.0,Delayed,0.5667153535527107,0.892748703242947,0.44073254555981756
SC11268,2025-03-29,Bengaluru,Delhi,335.4,508.98,Heavy Truck,Furniture,Clear,4547.19,1,3.0,Delayed,0.2837013489131369,0.5358347741745035,0.5188870284145001
SC11269,2025-03-19,Delhi,Bengaluru,210.3,516.64,Mini Truck,Apparel,Rain,4546.75,4,3.0,On-Time,0.1762178881347195,0.5439105132205964,0.5188350898978995
SC11270,2025-10-15,Hyderabad,Mumbai,398.2,457.015,Bike,Electronics,Clear,3093.86,1,4.0,Delayed,0.33765787438783407,0.4810494243663813,0.3473329276620408
SC11271,2025-04-30,Hyderabad,Delhi,537.1,368.0,Mini Truck,Groceries,Clear,237.5,3,5.0,Delayed,0.4569980238852136,0.38720322186142625,0.01016224294123098
SC11272,2025-10-29,Hyderabad,Mumbai,361.2,615.04,Van,Pharma,Rain,472.03,2,5.0,Delayed,0.30586820173554435,0.6476510774680555,0.0378466527101577
SC11273,2025-06-14,Delhi,Bengaluru,392.9,43.01,Van,Electronics,Rain,1800.05,2,4.0,Delayed,0.33310421857547906,0.04457470585754649,0.19460890001894574
SC11274,2025-07-01,Mumbai,Delhi,167.4,51.82,Mini Truck,Electronics,Fog,4183.83,6,3.0,On-Time,0.1393590514649025,0.05386286003458019,0.47599525706909773
SC11275,2025-08-11,Bengaluru,Bengaluru,503.3,434.64,Heavy Truck,Groceries,Clear,5454.1,2,4.0,Delayed,0.427957728327176,0.4574600430143803,0.6259405740740632
SC11276,2025-11-07,Hyderabad,Chennai,290.2,522.37,Bike,Furniture,Clear,5758.97,4,4.0,On-Time,0.2448663974568262,0.5499515033947625,0.6619280639740874
SC11277,2025-01-07,Hyderabad,Bengaluru,796.5,843.48,Mini Truck,Groceries,Clear,301.21,2,6.0,Delayed,0.6798694045880231,0.8884894361742506,0.01768270406082472
SC11278,2025-11-26,Hyderabad,Mumbai,386.7,99.88,Mini Truck,Electronics,Clear,5942.01,4,3.0,On-Time,0.3277773004553656,0.104531269767638,0.6835344868799176
SC11279,2025-09-20,Bengaluru,Hyderabad,391.3,781.6,Van,Furniture,Clear,2036.61,4,5.0,Delayed,0.33172953002835304,0.8232509593893647,0.2225329352167341
SC11280,2025-06-10,Hyderabad,Bengaluru,454.9,199.94,Heavy Truck,Apparel,Clear,5081.29,1,4.0,Delayed,0.38637339977661317,0.21002192889975962,0.5819333050425808
SC11281,2025-05-31,Bengaluru,Hyderabad,733.8,374.68,Bike,Electronics,Clear,1204.73,2,5.0,Delayed,0.6259987971475213,0.39424577236115216,0.12433608705839719
SC11282,2025-03-26,Hyderabad,Chennai,398.2,457.015,Mini Truck,Groceries,Clear,3093.86,5,5.0,On-Time,0.33765787438783407,0.4810494243663813,0.3473329276620408
SC11283,2025-05-27,Delhi,Delhi,363.6,380.45,Bike,Apparel,Clear,2363.38,7,2.0,On-Time,0.3079302345562334,0.40032893349639437,0.26110554673846775
SC11284,2025-04-22,Delhi,Delhi,576.4,143.4,Bike,Pharma,Storm,5174.71,2,7.0,Delayed,0.490763811323997,0.1504132754185468,0.5929607964535437
SC11285,2025-02-05,Bengaluru,Hyderabad,471.1,478.64,Mini Truck,Apparel,Rain,1441.83,2,5.0,Delayed,0.4002921213162644,0.5038481001982036,0.1523238649811044
SC11286,2025-10-12,Delhi,Delhi,396.4,761.66,Bike,Groceries,Clear,1050.65,2,3.0,Delayed,0.33611134977231727,0.8022287352928774,0.10614816288154891
SC11287,2025-07-07,Bengaluru,Bengaluru,157.9,419.74,Van,Apparel,Fog,5472.36,6,2.0,On-Time,0.13119683821634162,0.44175136001349474,0.6280960225129861
SC11288,2025-03-23,Delhi,Hyderabad,373.8,466.34,Heavy Truck,Groceries,Rain,5639.27,5,4.0,On-Time,0.31669387404416194,0.49088052966727114,0.6477984266170733
SC11289,2025-01-02,Delhi,Mumbai,200.4,806.4,Heavy Truck,Electronics,Fog,223.41,5,4.0,On-Time,0.16771200274937711,0.8493969552566104,0.008499029989181443
SC11290,2025-10-30,Bengaluru,Bengaluru,732.3,670.9,Heavy Truck,Furniture,Clear,4405.5,4,6.0,Delayed,0.6247100266345906,0.706542824610973,0.5021616456482901
SC11291,2025-07-16,Mumbai,Bengaluru,271.6,466.19,Van,Pharma,Clear,1958.87,5,4.0,On-Time,0.228885643096486,0.49072238856323536,0.2133563436700818
SC11292,2025-01-11,Delhi,Bengaluru,762.0,245.18,Van,Furniture,Fog,2342.02,4,7.0,Delayed,0.6502276827906178,0.25771728587694515,0.25858416784167726
SC11293,2025-08-22,Hyderabad,Mumbai,428.8,840.74,Van,Furniture,Clear,2894.25,7,3.0,On-Time,0.36394879285161963,0.8856007253405306,0.3237705474378671
SC11294,2025-07-14,Mumbai,Chennai,507.1,548.38,Heavy Truck,Furniture,Fog,2646.73,1,5.0,Delayed,0.43122261362660036,0.5773731708345634,0.2945527710083922
SC11295,2025-04-29,Bengaluru,Delhi,436.6,210.48,Bike,Groceries,Rain,3162.6,4,4.0,On-Time,0.3706503995188591,0.2211339771433391,0.35544714046004544
SC11296,2025-01-20,Mumbai,Hyderabad,107.9,256.03,Van,Groceries,Storm,3556.82,2,4.0,Delayed,0.08823782111865283,0.26915615906886514,0.4019816904924775
SC11297,2025-09-18,Chennai,Chennai,303.8,763.07,Mini Truck,Pharma,Clear,2873.73,3,4.0,Delayed,0.2565512501073976,0.8037152616708136,0.3213483238909504
SC11298,2025-10-20,Chennai,Hyderabad,83.8,42.42,Van,Groceries,Clear,4254.15,3,2.0,On-Time,0.06753157487756681,0.0439526841816725,0.4842959763585316
SC11299,2025-09-13,Delhi,Delhi,500.2,942.49,Mini Truck,Groceries,Clear,4353.82,6,4.0,On-Time,0.4252942692671193,0.9928731075781219,0.4960612307893887
SC11300,2025-08-10,Delhi,Mumbai,360.3,124.27,Heavy Truck,Groceries,Storm,2726.1,2,5.0,Delayed,0.305094939427786,0.13024501328385274,0.3039217711506329
SC11301,2025-08-14,Hyderabad,Bengaluru,623.5,756.37,Mini Truck,Groceries,Clear,983.41,4,5.0,Delayed,0.5312312054300198,0.7966516256905496,0.0982110132083189
SC11302,2025-02-22,Mumbai,Bengaluru,180.3,375.34,Van,Electronics,Clear,3897.74,2,1.0,On-Time,0.1504424778761062,0.3949415932189095,0.4422245974912516
SC11303,2025-12-21,Chennai,Mumbai,135.8,467.86,Van,Pharma,Clear,4671.8,6,2.0,On-Time,0.1122089526591632,0.49248302618816686,0.5335962523999431
SC11304,2025-12-08,Delhi,Chennai,328.0,836.68,Bike,Groceries,Clear,3882.94,5,4.0,On-Time,0.277343414382679,0.8813203727912959,0.44047757466014215
SC11305,2025-12-30,Mumbai,Chennai,741.6,392.56,Heavy Truck,Pharma,Clear,3590.12,4,6.0,Delayed,0.6327004038147608,0.41309619196221486,0.4059124918624739
SC11306,2025-10-07,Delhi,Hyderabad,569.8,510.85,Mini Truck,Apparel,Clear,1492.06,7,6.0,On-Time,0.48509322106710207,0.537806266604816,0.1582531188193903
SC11307,2025-03-22,Delhi,Mumbai,338.0,47.31,Heavy Truck,Electronics,Rain,3924.05,2,4.0,Delayed,0.28593521780221676,0.04910808417323831,0.44533028469979835
SC11308,2025-07-21,Chennai,Chennai,416.2,2.73,Van,Groceries,Clear,2108.91,5,4.0,On-Time,0.35312312054300204,0.0021085480538101465,0.23106737783087047
SC11309,2025-06-07,Chennai,Mumbai,71.9,232.94,Bike,Electronics,Fog,5529.42,6,3.0,On-Time,0.057307328808316876,0.24481297178762704,0.6348315037794124
SC11310,2025-04-30,Delhi,Delhi,787.7,646.71,Van,Electronics,Rain,3974.26,5,7.0,Delayed,0.6723086175788299,0.6810399359001393,0.4512571776964206
SC11311,2025-02-28,Bengaluru,Bengaluru,534.8,115.64,Van,Apparel,Rain,1777.35,4,6.0,Delayed,0.45502190909871987,0.12114662843166196,0.19192934473068993
SC11312,2025-08-03,Delhi,Bengaluru,231.9,108.52,Van,Pharma,Rain,2916.62,6,4.0,On-Time,0.19477618352092108,0.11364019736009784,0.3264111488386725
SC11313,2025-05-08,Delhi,Bengaluru,470.7,390.71,Mini Truck,Electronics,Clear,5102.5,6,5.0,On-Time,0.39994844917948286,0.4111457850124404,0.5844369776268938
SC11314,2025-08-12,Hyderabad,Mumbai,92.0,615.62,Van,Furniture,Clear,2112.46,6,2.0,On-Time,0.07457685368158778,0.6482625564036605,0.2314864272261704
SC11315,2025-07-28,Hyderabad,Mumbai,398.2,457.015,Heavy Truck,Apparel,Clear,3093.86,1,5.0,Delayed,0.33765787438783407,0.4810494243663813,0.3473329276620408
SC11316,2025-04-25,Hyderabad,Hyderabad,144.0,169.94,Heavy Truck,Furniture,Clear,4126.07,6,2.0,On-Time,0.11925423146318415,0.17839370809260743,0.46917714634444324
SC11317,2025-07-28,Bengaluru,Bengaluru,520.2,76.07,Bike,Apparel,Clear,4564.0,1,4.0,Delayed,0.4424778761061948,0.07942900518702821,0.5208713158328075
SC11318,2025-01-14,Bengaluru,Hyderabad,200.1,893.41,Heavy Truck,Furniture,Clear,1167.27,5,3.0,On-Time,0.16745424864679098,0.9411293383376208,0.11991423062235917
SC11319,2025-01-09,Delhi,Bengaluru,575.5,248.0,Van,Furniture,Rain,3456.14,7,5.0,On-Time,0.4899905490162386,0.26069033863281743,0.39009721355760546
SC11320,2025-02-09,Hyderabad,Hyderabad,622.6,810.75,Van,Electronics,Clear,5486.37,1,5.0,Delayed,0.5304579431222615,0.8539830472736475,0.629749792098381
SC11321,2025-08-25,Bengaluru,Hyderabad,540.4,820.39,Heavy Truck,Electronics,Clear,5814.9,5,5.0,On-Time,0.45983331901366103,0.8641462488930124,0.6685301576865168
SC11322,2025-10-08,Chennai,Delhi,493.5,734.01,Bike,Apparel,Clear,3988.45,1,5.0,Delayed,0.41953776097602896,0.7730780584489522,0.45293219485678843
SC11323,2025-12-25,Delhi,Hyderabad,714.5,160.81,Bike,Pharma,Storm,5904.42,5,7.0,Delayed,0.6094166165478134,0.16876818622696413,0.6790972849730658
SC11324,2025-07-20,Chennai,Mumbai,67.5,780.8,Heavy Truck,Electronics,Clear,3488.8,5,2.0,On-Time,0.053526935303720255,0.8224075401678405,0.39395246799436473
SC11325,2025-09-03,Delhi,Hyderabad,268.1,730.9,Mini Truck,Electronics,Rain,2739.24,7,5.0,On-Time,0.22587851189964778,0.7697992662252774,0.30547284412365855
SC11326,2025-10-05,Chennai,Bengaluru,202.4,567.09,Mini Truck,Groceries,Clear,3376.79,6,3.0,On-Time,0.16943036343328466,0.5970986378779574,0.3807305742570284
SC11327,2025-08-23,Hyderabad,Hyderabad,790.5,320.67,Mini Truck,Electronics,Rain,826.92,7,7.0,On-Time,0.6747143225363005,0.33730443216800915,0.0797386076109994
SC11328,2025-01-04,Mumbai,Chennai,314.6,249.75,Mini Truck,Pharma,Clear,2500.04,7,3.0,On-Time,0.2658303978004984,0.26253531817990133,0.2772371778262669
SC11329,2025-06-03,Hyderabad,Bengaluru,587.4,116.23,Heavy Truck,Groceries,Rain,2831.67,6,6.0,On-Time,0.5002147950854885,0.12176865010753596,0.3163834738722702
SC11330,2025-01-29,Chennai,Chennai,549.4,484.51,Van,Furniture,Clear,5114.47,5,5.0,On-Time,0.467565942091245,0.5100366887361364,0.5858499413625953
SC11331,2025-04-19,Mumbai,Bengaluru,173.6,556.21,Van,Furniture,Clear,4588.09,6,2.0,On-Time,0.1446859695850159,0.5856281364652302,0.5237149496166879
SC11332,2025-04-08,Chennai,Mumbai,195.0,341.69,Van,Groceries,Rain,3668.35,5,4.0,On-Time,0.16307242890282672,0.3594652722135538,0.4151469240298859
SC11333,2025-08-03,Hyderabad,Mumbai,228.6,451.85,Heavy Truck,Groceries,Rain,2181.57,6,3.0,On-Time,0.19194088839247359,0.4756040990174167,0.23964431559495278
SC11334,2025-10-20,Delhi,Mumbai,331.8,345.66,Van,Groceries,Rain,1244.15,3,4.0,Delayed,0.2806082996821033,0.3636507401003669,0.12898930597747404
SC11335,2025-03-16,Bengaluru,Chennai,191.3,609.14,Mini Truck,Apparel,Fog,2184.43,1,4.0,Delayed,0.15989346163759777,0.6414308607093157,0.2399819159528563
SC11336,2025-11-22,Hyderabad,Delhi,20.6,856.25,Bike,Pharma,Clear,4126.85,7,2.0,On-Time,0.013231377266088154,0.9019525154978283,0.4692692191693261
SC11337,2025-05-26,Mumbai,Bengaluru,704.1,156.14,Heavy Truck,Pharma,Fog,1688.77,5,7.0,Delayed,0.6004811409914942,0.1638447265213174,0.1814731770023331
SC11338,2025-05-08,Hyderabad,Mumbai,772.7,362.65,Bike,Furniture,Clear,2647.29,2,6.0,Delayed,0.6594209124495233,0.38156285581748406,0.29461887457497477
SC11339,2025-12-07,Delhi,Bengaluru,276.5,134.25,Heavy Truck,Furniture,Rain,2412.61,6,4.0,On-Time,0.23309562677205947,0.14076666807236538,0.2669167584935706
SC11340,2025-02-11,Chennai,Chennai,274.1,593.88,Heavy Truck,Furniture,Clear,4628.7,6,3.0,On-Time,0.23103359395137044,0.6253426390587442,0.5285086386147525
SC11341,2025-12-22,Hyderabad,Delhi,10.6,692.56,Heavy Truck,Electronics,Clear,5320.15,4,3.0,On-Time,0.0046395738465503916,0.7293784000337368,0.6101288370316902
SC11342,2025-02-10,Mumbai,Chennai,545.8,885.35,Heavy Truck,Furniture,Clear,4241.32,2,6.0,Delayed,0.46447289286021143,0.9326318896807659,0.48278149643129276
SC11343,2025-02-03,Bengaluru,Bengaluru,661.2,265.29,Bike,Groceries,Clear,2148.37,2,6.0,Delayed,0.5636223043216773,0.2789187365580062,0.23572531843327463
SC11344,2025-01-17,Chennai,Delhi,121.6,902.73,Van,Furniture,Clear,2684.09,7,3.0,On-Time,0.10000859180341955,0.9509551722683761,0.29896282323611195
SC11345,2025-06-14,Bengaluru,Delhi,131.9,60.57,Heavy Truck,Groceries,Clear,988.6,3,1.0,On-Time,0.10885814932554345,0.06308775776999959,0.09882365162003906
SC11346,2025-06-02,Hyderabad,Chennai,633.1,573.06,Mini Truck,Apparel,Clear,1133.37,1,5.0,Delayed,0.539479336712776,0.6033926538185805,0.1159126040024529
SC11347,2025-03-17,Delhi,Mumbai,495.0,54.75,Heavy Truck,Electronics,Clear,1111.11,3,4.0,Delayed,0.4208265314889596,0.05695188293341205,0.11328498723079763
SC11348,2025-03-28,Delhi,Bengaluru,40.7,849.14,Bike,Electronics,Clear,913.93,1,3.0,Delayed,0.03050090213935906,0.8944566271665332,0.09000944926875881
SC11349,2025-04-27,Mumbai,Hyderabad,499.9,503.55,Heavy Truck,Pharma,Clear,1200.55,5,5.0,On-Time,0.4250365151645331,0.530110066208409,0.12384267115069192
SC11350,2025-12-28,Delhi,Hyderabad,250.6,636.05,Mini Truck,Apparel,Clear,1335.73,7,3.0,On-Time,0.21084285591545668,0.6698013747733311,0.13979959995538008
SC11351,2025-12-08,Chennai,Chennai,298.1,790.08,Bike,Groceries,Clear,804.3,3,5.0,Delayed,0.2516539221582611,0.8321912031375196,0.07706849568939822
SC11352,2025-01-27,Delhi,Bengaluru,616.9,143.22,Heavy Truck,Apparel,Rain,3895.53,4,5.0,Delayed,0.5255606151731249,0.15022350609370388,0.44196372448741705
SC11353,2025-11-09,Mumbai,Bengaluru,649.7,37.14,Mini Truck,Electronics,Fog,5943.85,1,6.0,Delayed,0.5537417303892088,0.038386117319613715,0.6837516843129745
SC11354,2025-10-14,Hyderabad,Chennai,323.3,835.0,Bike,Groceries,Clear,5293.24,3,4.0,Delayed,0.27330526677549627,0.8795491924260955,0.6069523245732336
SC11355,2025-05-14,Hyderabad,Bengaluru,758.0,299.53,Heavy Truck,Apparel,Rain,416.78,7,7.0,On-Time,0.6467909614228027,0.31501707923923583,0.03132482761429277
SC11356,2025-08-07,Delhi,Mumbai,328.1,122.97,Mini Truck,Electronics,Rain,2624.89,4,4.0,On-Time,0.2774293324168744,0.12887445704887615,0.29197473191167383
SC11357,2025-06-17,Bengaluru,Chennai,618.6,445.3,Bike,Groceries,Clear,5176.97,7,5.0,On-Time,0.5270212217544463,0.4686986041411884,0.5932275715615375
SC11358,2025-04-08,Hyderabad,Mumbai,389.7,568.59,Heavy Truck,Groceries,Rain,937.85,2,4.0,Delayed,0.33035484148122696,0.5986800489183149,0.09283301589849799
SC11359,2025-09-25,Delhi,Bengaluru,718.5,29.91,Bike,Electronics,Clear,5108.72,6,5.0,On-Time,0.6128533379156286,0.03076371610509004,0.5851711993842925
SC11360,2025-08-25,Mumbai,Chennai,726.7,261.51,Mini Truck,Groceries,Clear,3617.3,5,6.0,Delayed,0.6198986167196495,0.27493358073630497,0.40912087568338995
SC11361,2025-11-05,Delhi,Bengaluru,74.5,31.64,Heavy Truck,Electronics,Clear,5598.1,7,2.0,On-Time,0.0595411976973967,0.03258761017163581,0.6429386340524261
SC11362,2025-06-22,Hyderabad,Chennai,1169.1,399.61,Heavy Truck,Furniture,Clear,5274.83,5,5.0,On-Time,1.0,0.4205288238518956,0.6047791698218332
SC11363,2025-07-09,Mumbai,Bengaluru,661.3,850.4,Heavy Truck,Furniture,Rain,4110.65,7,5.0,On-Time,0.5637082223558725,0.8957850124404336,0.4673569374217602
SC11364,2025-05-02,Delhi,Mumbai,634.1,933.53,Mini Truck,Groceries,Clear,3998.26,2,5.0,Delayed,0.5403385170547299,0.9834268122970523,0.4540901876928144
SC11365,2025-02-15,Chennai,Mumbai,164.7,605.38,Van,Groceries,Clear,1397.01,7,3.0,On-Time,0.1370392645416273,0.6374667903681526,0.14703321881283896
SC11366,2025-03-05,Mumbai,Bengaluru,645.1,153.97,Heavy Truck,Electronics,Clear,833.0,7,4.0,On-Time,0.5497895008162214,0.16155695188293343,0.0804563034767525
SC11367,2025-05-10,Chennai,Chennai,680.9,860.6,Mini Truck,Groceries,Rain,2580.05,3,7.0,Delayed,0.5805481570581665,0.9065386075148654,0.28668172490174476
SC11368,2025-11-06,Bengaluru,Hyderabad,234.9,490.68,Bike,Pharma,Rain,1241.49,6,4.0,On-Time,0.1973537245467824,0.5165415594821406,0.12867531403620705
SC11369,2025-12-29,Mumbai,Mumbai,398.2,457.015,Bike,Furniture,Clear,3093.86,2,7.0,Delayed,0.33765787438783407,0.4810494243663813,0.3473329276620408
SC11370,2025-07-12,Chennai,Mumbai,44.6,875.68,Mini Truck,Groceries,Clear,1918.61,4,2.0,On-Time,0.03385170547297879,0.9224370598405939,0.20860396940113118
SC11371,2025-11-03,Hyderabad,Hyderabad,124.2,719.72,Van,Groceries,Clear,5183.87,6,3.0,On-Time,0.10224246069249938,0.7580124826044787,0.5940420619355007
SC11372,2025-06-30,Hyderabad,Bengaluru,432.4,695.25,Mini Truck,Apparel,Clear,250.32,1,4.0,Delayed,0.3670418420826532,0.7322143971661115,0.011675542447638007
SC11373,2025-10-19,Bengaluru,Chennai,462.8,673.87,Bike,Groceries,Clear,1861.93,3,4.0,Delayed,0.393160924478048,0.7096740184708811,0.20191334412631448
SC11374,2025-10-09,Mumbai,Bengaluru,517.9,190.72,Bike,Pharma,Clear,2630.71,6,3.0,On-Time,0.4405017613197011,0.20030152237169485,0.2926617368357994
SC11375,2025-01-29,Mumbai,Delhi,18.5,200.85,Heavy Truck,Furniture,Clear,3136.83,1,2.0,Delayed,0.011427098547985223,0.21098131826424324,0.35240519597641756
SC11376,2025-05-29,Mumbai,Mumbai,768.5,654.03,Van,Apparel,Clear,1212.23,2,7.0,Delayed,0.6558123550133174,0.6887572217770843,0.12522140268227025
SC11377,2025-09-24,Bengaluru,Delhi,40.4,209.13,Mini Truck,Electronics,Fog,5790.69,7,2.0,On-Time,0.03024314803677292,0.21971070720701724,0.6656723588526545
SC11378,2025-10-23,Mumbai,Mumbai,118.7,417.02,Bike,Electronics,Rain,3536.41,5,2.0,On-Time,0.0975169688117536,0.43888373466031294,0.3995724515747109
SC11379,2025-01-11,Hyderabad,Mumbai,16.1,743.01,Bike,Furniture,Clear,3204.35,6,1.0,On-Time,0.009365065727296161,0.7825665246910978,0.36037539743293884
SC11380,2025-06-13,Chennai,Delhi,455.7,744.86,Bike,Electronics,Clear,201.61,6,4.0,On-Time,0.3870607440501762,0.7845169316408722,0.005925712575790398
SC11381,2025-04-23,Hyderabad,Delhi,746.2,430.87,Mini Truck,Pharma,Clear,2991.43,1,5.0,Delayed,0.6366526333877482,0.4534854299329482,0.33524187708159836
SC11382,2025-07-06,Hyderabad,Bengaluru,534.4,752.68,Mini Truck,Groceries,Rain,5050.37,1,5.0,Delayed,0.4546782369619384,0.7927613545312698,0.5782834438305601
SC11383,2025-10-22,Chennai,Delhi,659.0,796.77,Van,Furniture,Rain,1434.92,5,6.0,Delayed,0.5617321075693789,0.8392442963775145,0.15150819418630937
SC11384,2025-08-20,Hyderabad,Bengaluru,15.6,622.21,Heavy Truck,Apparel,Storm,2204.56,1,4.0,Delayed,0.008935475556319272,0.655210222240965,0.24235810308733166
SC11385,2025-08-15,Bengaluru,Bengaluru,435.9,217.39,Heavy Truck,Groceries,Clear,270.34,1,2.0,Delayed,0.37004897327949143,0.22841901066925316,0.01403874495296318
SC11386,2025-11-06,Chennai,Bengaluru,370.4,260.67,Heavy Truck,Electronics,Rain,5865.03,6,4.0,On-Time,0.31377266088151906,0.27404799055370477,0.6744476073164845
SC11387,2025-04-08,Hyderabad,Mumbai,401.7,299.44,Bike,Electronics,Clear,539.91,5,4.0,On-Time,0.3406650055846723,0.3149221945768144,0.045859349316624866
SC11388,2025-02-24,Delhi,Mumbai,62.4,111.41,Heavy Truck,Apparel,Fog,5404.59,5,2.0,On-Time,0.049145115559755995,0.11668704929785349,0.6200963105356692
SC11389,2025-04-21,Hyderabad,Delhi,549.1,259.87,Bike,Pharma,Rain,1980.98,7,5.0,On-Time,0.4673081879886589,0.2732045713321807,0.21596625412925963
SC11390,2025-06-01,Bengaluru,Mumbai,405.1,199.44,Van,Apparel,Rain,3587.2,6,4.0,On-Time,0.34358621874731515,0.2094947918863071,0.40556780897957934
SC11391,2025-09-03,Mumbai,Delhi,613.3,432.83,Bike,Furniture,Clear,4124.0,7,5.0,On-Time,0.5224675659420912,0.4555518070256821,0.46893279923225434
SC11392,2025-03-10,Hyderabad,Mumbai,390.8,863.06,Van,Apparel,Rain,973.85,2,4.0,Delayed,0.33129993985737616,0.9091321216210518,0.09708253089308869
SC11393,2025-11-08,Mumbai,Chennai,123.8,99.7,Van,Electronics,Clear,2745.99,2,2.0,On-Time,0.10189878855571786,0.1043415004427951,0.3062696281851443
SC11394,2025-10-16,Delhi,Chennai,520.4,684.39,Heavy Truck,Pharma,Clear,2053.98,6,4.0,On-Time,0.44264971217458554,0.7207649812339224,0.22458332620162413
SC11395,2025-09-07,Hyderabad,Delhi,142.0,653.08,Heavy Truck,Pharma,Clear,481.12,1,1.0,On-Time,0.11753587077927659,0.6877556614515247,0.03891965524629186
SC11396,2025-02-05,Chennai,Mumbai,698.6,91.42,Bike,Apparel,Clear,5024.18,3,5.0,Delayed,0.5957556491107484,0.0956121115000211,0.5751919216719954
SC11397,2025-08-27,Mumbai,Mumbai,492.4,876.48,Mini Truck,Furniture,Clear,414.23,2,4.0,Delayed,0.41859266259987976,0.923280479062118,0.03102382030217593
SC11398,2025-05-28,Delhi,Bengaluru,130.0,540.26,Heavy Truck,Electronics,Clear,3971.56,2,1.0,On-Time,0.10722570667583128,0.5688124657360942,0.45093846407182625
SC11399,2025-08-15,Chennai,Hyderabad,770.1,345.86,Heavy Truck,Groceries,Clear,1987.35,6,6.0,On-Time,0.6571870435604434,0.36386159490574793,0.2167181821991358
SC11400,2025-09-01,Chennai,Delhi,417.1,718.83,Mini Truck,Pharma,Clear,1273.96,7,4.0,On-Time,0.35389638285076047,0.7570741787205332,0.1325081404771615
SC11401,2025-12-03,Chennai,Hyderabad,63.0,244.87,Mini Truck,Apparel,Clear,4052.45,6,1.0,On-Time,0.04966062376492826,0.25739046092860457,0.46048688818050526
SC11402,2025-12-31,Chennai,Hyderabad,398.2,457.015,Heavy Truck,Furniture,Clear,3093.86,3,5.0,Delayed,0.33765787438783407,0.4810494243663813,0.3473329276620408
SC11403,2025-07-20,Hyderabad,Delhi,206.3,38.21,Mini Truck,Furniture,Clear,1994.25,3,2.0,On-Time,0.17278116676690441,0.039514190528402146,0.21753267257309902
SC11404,2025-06-03,Hyderabad,Mumbai,643.9,797.52,Bike,Electronics,Clear,3150.82,5,6.0,Delayed,0.5487584844058768,0.8400350018976933,0.3540566047201488
SC11405,2025-03-14,Hyderabad,Delhi,655.2,426.04,Van,Pharma,Clear,1590.49,6,5.0,On-Time,0.5584672222699546,0.4483932863829967,0.16987200106710043
SC11406,2025-07-20,Delhi,Hyderabad,783.3,605.04,Van,Electronics,Rain,5202.62,2,6.0,Delayed,0.6685282240742332,0.6371083371990048,0.5962553509951833
SC11407,2025-10-23,Delhi,Mumbai,404.0,210.57,Heavy Truck,Groceries,Clear,1985.84,7,4.0,On-Time,0.342641120371166,0.22122886180576057,0.21653993865352936
SC11408,2025-01-17,Delhi,Chennai,366.7,643.38,Heavy Truck,Groceries,Rain,1584.15,7,5.0,On-Time,0.31059369361629013,0.6775292033905453,0.16912361425971975
SC11409,2025-05-09,Bengaluru,Delhi,604.0,733.74,Bike,Groceries,Clear,4548.23,4,5.0,Delayed,0.5144771887619212,0.7727934044616878,0.5190097921810104
SC11410,2025-08-05,Delhi,Delhi,110.3,449.82,Mini Truck,Furniture,Storm,252.92,4,4.0,On-Time,0.09029985393934188,0.4734639227427993,0.011982451863914004
SC11411,2025-03-02,Hyderabad,Mumbai,439.8,587.03,Heavy Truck,Pharma,Clear,1717.87,1,4.0,Delayed,0.3733997766131112,0.6181208619744445,0.1849082016229606
SC11412,2025-04-14,Hyderabad,Chennai,439.3,433.78,Van,Electronics,Clear,2346.06,2,4.0,Delayed,0.3729701864421343,0.4565533673512419,0.25906105785773687
SC11413,2025-02-11,Bengaluru,Chennai,76.1,849.44,Bike,Electronics,Clear,5311.09,4,3.0,On-Time,0.06091588624452274,0.8947729093746049,0.6090593757580516
SC11414,2025-01-25,Bengaluru,Mumbai,337.3,473.23,Bike,Groceries,Clear,5710.08,7,2.0,On-Time,0.2853337915628491,0.49814447771264714,0.6561569865272668
SC11415,2025-02-08,Delhi,Bengaluru,398.2,457.015,Mini Truck,Pharma,Clear,3093.86,2,6.0,Delayed,0.33765787438783407,0.4810494243663813,0.3473329276620408
SC11416,2025-10-18,Mumbai,Delhi,685.6,761.38,Heavy Truck,Pharma,Clear,3031.31,6,4.0,On-Time,0.5845863046653493,0.801933538565344,0.3399493953589394
SC11417,2025-05-11,Bengaluru,Delhi,83.9,390.27,Heavy Truck,Apparel,Clear,3897.64,2,2.0,On-Time,0.0676174929117622,0.4106819044406022,0.44221279328293334
SC11418,2025-08-17,Chennai,Hyderabad,398.2,457.015,Bike,Pharma,Clear,3093.86,4,3.0,On-Time,0.33765787438783407,0.4810494243663813,0.3473329276620408
SC11419,2025-04-18,Hyderabad,Mumbai,213.8,386.07,Van,Pharma,Clear,1898.13,7,3.0,On-Time,0.1792250193315577,0.4062539535276009,0.20618646753754183
SC11420,2025-06-21,Chennai,Hyderabad,700.4,784.99,Heavy Truck,Electronics,Clear,5711.53,2,6.0,Delayed,0.5973021737262652,0.8268249483405727,0.6563281475478823
SC11421,2025-04-12,Hyderabad,Hyderabad,107.5,216.64,Van,Pharma,Clear,825.03,3,2.0,On-Time,0.08789414898187131,0.22762830514907434,0.07951550807378338
SC11422,2025-12-20,Hyderabad,Chennai,577.4,498.45,Bike,Pharma,Clear,2176.4,1,5.0,Delayed,0.49162299166595075,0.5247332686711931,0.23903403802489628
SC11423,2025-01-12,Bengaluru,Delhi,85.4,765.89,Heavy Truck,Electronics,Fog,5409.67,5,4.0,On-Time,0.06890626342469286,0.8066883144266859,0.6206959643182391
SC11424,2025-10-02,Bengaluru,Hyderabad,500.4,336.13,Van,Pharma,Rain,4380.38,7,6.0,On-Time,0.42546610533551,0.35360350862396156,0.49919642851873125
SC11425,2025-04-11,Chennai,Chennai,288.1,610.28,Bike,Electronics,Rain,320.24,4,4.0,On-Time,0.2430621187387233,0.6426327330999874,0.019929044903798654
SC11426,2025-02-13,Hyderabad,Mumbai,632.2,233.73,Van,Apparel,Fog,285.13,6,6.0,On-Time,0.5387060744050177,0.24564584826888206,0.01578458736324087
SC11427,2025-11-01,Chennai,Hyderabad,190.8,104.26,Heavy Truck,Furniture,Clear,3171.6,5,2.0,On-Time,0.15946387146662086,0.10914899000548224,0.3565095192086931
SC11428,2025-01-17,Mumbai,Delhi,513.2,754.77,Mini Truck,Electronics,Clear,2982.88,1,6.0,Delayed,0.4364636137125184,0.7949647872475014,0.3342326172703831
SC11429,2025-11-26,Chennai,Hyderabad,192.4,94.47,Van,Electronics,Clear,2741.5,7,2.0,On-Time,0.1608385600137469,0.09882764728208156,0.3057396192316523
SC11430,2025-02-26,Delhi,Mumbai,572.4,258.18,Mini Truck,Pharma,Rain,1918.71,7,6.0,On-Time,0.4873270899561819,0.2714228482267111,0.2086157736094495
SC11431,2025-11-07,Chennai,Hyderabad,699.6,812.43,Heavy Truck,Electronics,Fog,5921.84,3,6.0,Delayed,0.5966148294527022,0.8557542276388479,0.681153578062115
SC11432,2025-10-30,Delhi,Delhi,105.8,329.47,Mini Truck,Groceries,Clear,1741.13,3,3.0,On-Time,0.08643354240054989,0.3465820436047738,0.18765386047779894
SC11433,2025-01-12,Delhi,Chennai,693.9,924.41,Bike,Groceries,Clear,3016.74,3,6.0,Delayed,0.5917175015035656,0.9738118331716781,0.338229522206962
SC11434,2025-11-14,Delhi,Delhi,476.9,930.76,Mini Truck,Apparel,Fog,2518.62,3,6.0,Delayed,0.40527536729959623,0.9805064732425253,0.2794303997318084
SC11435,2025-03-21,Mumbai,Chennai,106.1,255.23,Van,Electronics,Clear,1145.96,4,2.0,On-Time,0.08669129650313602,0.2683127398473411,0.11739875382972784
SC11436,2025-08-04,Chennai,Bengaluru,344.9,39.41,Van,Pharma,Fog,1335.32,7,4.0,On-Time,0.2918635621616978,0.040779319360688224,0.13975120270127503
SC11437,2025-12-05,Chennai,Delhi,398.2,457.015,Mini Truck,Pharma,Clear,3093.86,4,2.0,On-Time,0.33765787438783407,0.4810494243663813,0.3473329276620408
SC11438,2025-09-21,Mumbai,Delhi,561.8,428.71,Bike,Furniture,Clear,5170.94,2,6.0,Delayed,0.47821977833147183,0.4512081980348332,0.5925157777999435
SC11439,2025-05-29,Chennai,Mumbai,608.3,96.16,Heavy Truck,Apparel,Clear,1314.41,6,4.0,On-Time,0.5181716642323224,0.10060937038755113,0.13728294274191694
SC11440,2025-03-22,Bengaluru,Hyderabad,398.2,457.015,Mini Truck,Pharma,Clear,3093.86,2,3.0,Delayed,0.33765787438783407,0.4810494243663813,0.3473329276620408
SC11441,2025-08-03,Chennai,Chennai,407.4,30.1,Van,Furniture,Clear,1373.74,6,4.0,On-Time,0.34556233353380883,0.030964028170202006,0.1442863795371688
SC11442,2025-07-17,Bengaluru,Chennai,652.6,826.75,Van,Pharma,Clear,3815.3,1,6.0,Delayed,0.5562333533808748,0.8708514317041286,0.4324932081536389
SC11443,2025-07-19,Mumbai,Mumbai,749.2,132.15,Mini Truck,Furniture,Fog,625.49,2,7.0,Delayed,0.6392301744136095,0.13855269261586473,0.05596139079543248
SC11444,2025-01-25,Hyderabad,Mumbai,413.2,121.38,Mini Truck,Groceries,Rain,5300.16,1,5.0,Delayed,0.3505455795171407,0.12719816134609707,0.6077691757888605
SC11445,2025-03-30,Hyderabad,Hyderabad,760.5,167.3,Mini Truck,Groceries,Rain,451.28,1,7.0,Delayed,0.6489389122776872,0.17561042466157806,0.035397279484108875
SC11446,2025-09-25,Hyderabad,Hyderabad,430.9,912.27,Heavy Truck,Pharma,Clear,3396.42,1,5.0,Delayed,0.36575307156972253,0.9610129464850505,0.3830477403499122
SC11447,2025-05-23,Mumbai,Delhi,318.4,658.66,Van,Apparel,Fog,4711.31,3,5.0,Delayed,0.2690952830999227,0.6936385105216548,0.5382600951065065
SC11448,2025-02-28,Delhi,Bengaluru,679.3,761.4,Van,Electronics,Clear,833.48,5,5.0,On-Time,0.5791734685110405,0.8019546240458821,0.08051296367668037
SC11449,2025-12-31,Delhi,Hyderabad,396.9,378.05,Van,Apparel,Clear,2516.21,5,4.0,On-Time,0.33654093994329415,0.39779867583182227,0.2791459183113372
SC11450,2025-01-26,Bengaluru,Mumbai,380.2,319.83,Heavy Truck,Apparel,Clear,395.41,4,4.0,On-Time,0.3221926282326661,0.33641884198540883,0.02880226829667045
SC11451,2025-02-16,Delhi,Hyderabad,394.8,223.14,Bike,Electronics,Clear,4144.1,1,3.0,Delayed,0.33473666122519125,0.2344810863239573,0.47130544510423417
SC11452,2025-10-15,Delhi,Chennai,678.2,456.88,Van,Groceries,Fog,1948.58,3,6.0,Delayed,0.5782283701348914,0.48090709737274917,0.21214169063412797
SC11453,2025-09-23,Hyderabad,Bengaluru,666.4,524.46,Van,Groceries,Clear,3422.46,2,6.0,Delayed,0.5680900420998368,0.5521549361109941,0.38612155619599947
SC11454,2025-01-16,Hyderabad,Delhi,325.8,600.37,Bike,Electronics,Clear,5606.48,2,4.0,Delayed,0.27545321763038066,0.6321848774933582,0.6439278267095002
SC11455,2025-07-18,Bengaluru,Chennai,270.0,244.63,Heavy Truck,Furniture,Rain,1939.27,4,3.0,On-Time,0.22751095454935993,0.2571374351621474,0.21104271883969353
SC11456,2025-10-09,Chennai,Chennai,396.1,901.25,Bike,Apparel,Rain,434.47,4,5.0,Delayed,0.33585359566973116,0.9493948467085566,0.03341299206580138
SC11457,2025-03-27,Bengaluru,Bengaluru,460.4,161.69,Bike,Pharma,Rain,4102.42,1,4.0,Delayed,0.39109889165735895,0.1696959473706406,0.46638545107716356
SC11458,2025-09-07,Bengaluru,Delhi,194.5,917.39,Bike,Groceries,Clear,4753.02,1,3.0,Delayed,0.16264283873184984,0.9664108295028044,0.5431836303960725
SC11459,2025-09-27,Mumbai,Mumbai,636.2,14.61,Bike,Pharma,Rain,5753.53,2,5.0,Delayed,0.5421427957728329,0.014633323493442416,0.6612859150415715
SC11460,2025-12-01,Mumbai,Delhi,391.8,457.33,Heavy Truck,Electronics,Clear,1073.14,2,3.0,Delayed,0.3321591201993299,0.4813815206848564,0.10880292933233629
SC11461,2025-04-27,Bengaluru,Hyderabad,270.6,317.03,Heavy Truck,Pharma,Storm,2444.02,2,5.0,Delayed,0.22802646275453223,0.33346687471007463,0.27062446032635096
SC11462,2025-01-07,Bengaluru,Chennai,89.9,426.94,Bike,Pharma,Clear,5088.22,2,2.0,On-Time,0.07277257496348485,0.44934213300721126,0.5827513366790396
SC11463,2025-05-17,Bengaluru,Hyderabad,194.9,542.35,Mini Truck,Apparel,Rain,4870.2,5,4.0,On-Time,0.16298651086863133,0.5710158984523258,0.5570158017034653
SC11464,2025-06-25,Delhi,Mumbai,759.7,414.09,Mini Truck,Electronics,Clear,3805.05,1,5.0,Delayed,0.6482515680041242,0.43579471176148105,0.43128327680101236
SC11465,2025-11-24,Mumbai,Hyderabad,247.6,394.4,Mini Truck,Pharma,Clear,1725.81,1,3.0,Delayed,0.20826531488959535,0.4150360561717201,0.18584545576343423
SC11466,2025-11-11,Bengaluru,Delhi,139.2,696.22,Van,Groceries,Clear,1811.61,2,3.0,Delayed,0.115130165821806,0.7332370429722095,0.1959734665005421
SC11467,2025-08-03,Hyderabad,Hyderabad,371.2,651.74,Van,Electronics,Clear,875.42,3,3.0,On-Time,0.3144600051550821,0.6863429342554718,0.08546364864537856
SC11468,2025-03-23,Hyderabad,Mumbai,398.2,457.015,Heavy Truck,Groceries,Clear,3093.86,2,4.0,Delayed,0.33765787438783407,0.4810494243663813,0.3473329276620408
SC11469,2025-08-11,Delhi,Mumbai,33.0,237.84,Heavy Truck,Furniture,Rain,1161.65,6,2.0,On-Time,0.02388521350631498,0.24997891451946191,0.11925083411487031
SC11470,2025-04-13,Delhi,Mumbai,261.9,579.25,Bike,Pharma,Clear,3501.39,7,4.0,On-Time,0.22055159377953434,0.609918610045123,0.3954386178216396
SC11471,2025-09-30,Chennai,Delhi,437.6,556.14,Van,Electronics,Rain,3568.46,7,6.0,On-Time,0.3715095798608129,0.5855543372833467,0.4033557003407285
SC11472,2025-01-14,Chennai,Mumbai,443.6,351.57,Bike,Groceries,Clear,2312.19,4,4.0,On-Time,0.37666466191253556,0.3698814995993759,0.2550629725003261
SC11473,2025-06-08,Chennai,Chennai,288.5,462.01,Bike,Pharma,Clear,2212.23,6,3.0,On-Time,0.2434057908755048,0.48631552313077214,0.24326348586534588
SC11474,2025-06-01,Delhi,Mumbai,360.6,298.44,Heavy Truck,Apparel,Rain,4061.24,3,5.0,Delayed,0.3053526935303721,0.31386792054990936,0.46152447809168445
SC11475,2025-04-18,Delhi,Hyderabad,772.6,135.18,Van,Groceries,Rain,2421.54,4,5.0,Delayed,0.6593349944153278,0.1417471429173871,0.26797087429639543
SC11476,2025-07-07,Delhi,Hyderabad,305.0,203.5,Mini Truck,Groceries,Clear,1642.43,7,3.0,On-Time,0.25758226651774213,0.2137751444355417,0.17600310686762938
SC11477,2025-10-28,Hyderabad,Hyderabad,210.3,100.69,Heavy Truck,Furniture,Clear,2484.92,3,3.0,On-Time,0.1762178881347195,0.10538523172943111,0.2754523815285388
SC11478,2025-04-08,Delhi,Delhi,198.6,649.07,Van,Apparel,Rain,4874.82,4,3.0,On-Time,0.16616547813386032,0.6835280226036353,0.5575611561277711
SC11479,2025-05-11,Hyderabad,Hyderabad,368.9,627.86,Van,Furniture,Clear,5803.9,2,4.0,Delayed,0.3124838903685884,0.6611668704929786,0.667231694771503
SC11480,2025-10-20,Chennai,Delhi,608.8,903.1,Heavy Truck,Apparel,Clear,3870.31,2,6.0,Delayed,0.5186012544032993,0.951345253658331,0.43898670314953986
SC11481,2025-06-20,Chennai,Delhi,168.8,693.33,Heavy Truck,Groceries,Rain,4725.29,3,4.0,Delayed,0.1405619039436378,0.7301901910344538,0.5399103234294058
SC11482,2025-07-02,Chennai,Mumbai,398.2,457.015,Bike,Furniture,Clear,3093.86,4,5.0,Delayed,0.33765787438783407,0.4810494243663813,0.3473329276620408
SC11483,2025-12-30,Bengaluru,Chennai,21.8,840.09,Bike,Pharma,Clear,3805.22,5,1.0,On-Time,0.014262393676432686,0.8849154472230424,0.43130334395515346
SC11484,2025-02-08,Bengaluru,Mumbai,338.1,819.61,Bike,Apparel,Fog,5930.31,3,4.0,Delayed,0.28602113583641214,0.8633239151520264,0.6821533945066757
SC11485,2025-01-15,Mumbai,Mumbai,621.8,421.43,Mini Truck,Groceries,Rain,2714.75,3,7.0,Delayed,0.5297705988486984,0.44353308311896433,0.30258199350650505
SC11486,2025-01-04,Mumbai,Delhi,274.3,556.78,Heavy Truck,Electronics,Clear,537.59,6,4.0,On-Time,0.23120543001976118,0.586229072660566,0.04558549168364014
SC11487,2025-12-15,Mumbai,Delhi,453.2,927.29,Van,Apparel,Clear,5748.49,1,5.0,Delayed,0.38491279319529176,0.9768481423691646,0.6606909829423288
SC11488,2025-07-29,Bengaluru,Hyderabad,168.0,505.92,Van,Apparel,Clear,4789.41,3,2.0,On-Time,0.13987455967007476,0.5326086956521741,0.5474791818031046
SC11489,2025-06-10,Bengaluru,Hyderabad,594.9,860.1,Van,Pharma,Rain,2480.12,5,6.0,Delayed,0.5066586476501418,0.9060114705014128,0.27488577952925997
SC11490,2025-01-16,Mumbai,Mumbai,46.6,79.35,Mini Truck,Apparel,Rain,5897.01,2,3.0,Delayed,0.035570066156886335,0.08288702399527685,0.6782225931366792
SC11491,2025-04-18,Mumbai,Bengaluru,682.8,181.9,Heavy Truck,Apparel,Clear,2171.38,4,5.0,Delayed,0.5821805997078787,0.19100282545439212,0.23844146676731723
SC11492,2025-11-07,Delhi,Bengaluru,162.6,419.0,Van,Pharma,Clear,2326.9,1,3.0,Delayed,0.13523498582352436,0.44097119723358497,0.25679937154394916
SC11493,2025-08-15,Mumbai,Hyderabad,700.1,555.73,Van,Pharma,Clear,3716.93,4,6.0,Delayed,0.597044419623679,0.5851220849323158,0.4208814084309197
SC11494,2025-06-19,Delhi,Bengaluru,285.3,775.51,Bike,Furniture,Clear,1754.93,2,3.0,Delayed,0.24065641378125271,0.8168304305655126,0.1892828412257254
SC11495,2025-02-03,Hyderabad,Hyderabad,579.5,938.85,Mini Truck,Groceries,Rain,4236.64,3,6.0,Delayed,0.4934272703840537,0.9890355501201874,0.482229059481996
SC11496,2025-09-08,Bengaluru,Delhi,398.2,457.015,Heavy Truck,Groceries,Clear,3093.86,6,4.0,On-Time,0.33765787438783407,0.4810494243663813,0.3473329276620408
SC11497,2025-09-04,Mumbai,Mumbai,725.2,45.52,Bike,Furniture,Clear,781.95,5,5.0,On-Time,0.6186098462067189,0.04722093366507823,0.0744302551302565
SC11498,2025-09-26,Bengaluru,Chennai,105.7,761.21,Mini Truck,Groceries,Clear,3279.04,1,2.0,Delayed,0.08634762436635451,0.8017543119807702,0.3691919606258828
SC11499,2025-05-21,Bengaluru,Mumbai,146.9,574.36,Bike,Apparel,Clear,3399.64,5,2.0,On-Time,0.1217458544548501,0.6047632100535573,0.3834278358577617
SC11500,2025-10-01,Bengaluru,Hyderabad,397.0,189.02,Heavy Truck,Furniture,Clear,773.93,7,3.0,On-Time,0.33662685797748954,0.19850925652595625,0.07348355762312822
SC11501,2025-04-06,Hyderabad,Hyderabad,70.1,470.34,Van,Furniture,Clear,5790.43,5,3.0,On-Time,0.05576080419280008,0.4950976257748914,0.6656416679110271
SC11502,2025-08-15,Chennai,Mumbai,160.8,705.32,Heavy Truck,Groceries,Rain,3503.73,5,3.0,On-Time,0.1336884612080076,0.7428309366170457,0.395714836296288
SC11503,2025-02-08,Mumbai,Hyderabad,755.3,732.01,Mini Truck,Electronics,Storm,1033.55,5,8.0,Delayed,0.6444711744995275,0.7709695103951419,0.1041296432591183
SC11504,2025-10-29,Chennai,Bengaluru,781.3,474.89,Heavy Truck,Groceries,Fog,1971.94,2,8.0,Delayed,0.6668098633903257,0.49989457259730946,0.21489915369728463
SC11505,2025-01-29,Chennai,Bengaluru,304.1,290.3,Mini Truck,Electronics,Clear,4831.37,5,2.0,On-Time,0.25680900420998376,0.30528612997090204,0.5524322276134664
SC11506,2025-11-14,Chennai,Hyderabad,739.0,925.07,Bike,Furniture,Rain,3210.9,6,7.0,Delayed,0.6304665349256809,0.9745076540294355,0.361148573077788
SC11507,2025-09-02,Bengaluru,Hyderabad,438.1,630.36,Mini Truck,Electronics,Storm,1250.67,5,6.0,Delayed,0.3719391700317898,0.6638025555602414,0.12975894035982768
SC11508,2025-08-24,Delhi,Bengaluru,219.4,388.12,Van,Apparel,Clear,751.67,2,2.0,On-Time,0.18403642924649888,0.4084152152827563,0.07085594085147295
SC11509,2025-07-04,Bengaluru,Hyderabad,563.4,266.8,Van,Pharma,Clear,2670.03,4,4.0,On-Time,0.4795944668785979,0.28051069033863285,0.2973031515465579
SC11510,2025-09-29,Bengaluru,Hyderabad,528.8,694.68,Van,Electronics,Clear,2123.88,2,4.0,Delayed,0.4498668270469972,0.7316134609707756,0.23283446781612113
SC11511,2025-08-24,Chennai,Mumbai,791.4,230.45,Bike,Pharma,Clear,3987.12,7,6.0,On-Time,0.6754875848440588,0.2421878294606334,0.4527751988861549
SC11512,2025-08-27,Bengaluru,Chennai,215.7,163.54,Mini Truck,Apparel,Rain,5562.69,7,3.0,On-Time,0.18085746198126987,0.17164635432041497,0.6387587638869133
SC11513,2025-09-23,Chennai,Bengaluru,539.3,503.58,Bike,Pharma,Clear,1599.22,6,5.0,On-Time,0.4588882206375119,0.5301416944292161,0.1709025084532887
SC11514,2025-12-25,Delhi,Mumbai,46.4,275.84,Heavy Truck,Apparel,Clear,5153.12,6,1.0,On-Time,0.035398230088495575,0.2900413275418547,0.590412267877621
SC11515,2025-12-06,Mumbai,Chennai,95.3,597.65,Heavy Truck,Pharma,Clear,5534.7,3,2.0,On-Time,0.07741214881003525,0.6293172521401763,0.635454765978619
SC11516,2025-03-06,Chennai,Hyderabad,8.1,112.48,Heavy Truck,Pharma,Clear,5426.72,2,1.0,On-Time,0.0024916229916659505,0.11781512250664193,0.6227085818365106
SC11517,2025-06-26,Delhi,Hyderabad,799.6,622.37,Heavy Truck,Groceries,Clear,5719.65,4,6.0,Delayed,0.6825328636480799,0.6553789060852698,0.6572866492633288
SC11518,2025-01-03,Mumbai,Mumbai,642.8,269.49,Van,Electronics,Clear,5076.34,3,6.0,Delayed,0.5478133860297276,0.2833466874710075,0.5813489967308245
SC11519,2025-05-22,Hyderabad,Hyderabad,630.4,0.73,Mini Truck,Pharma,Clear,3621.89,3,4.0,Delayed,0.5371595497895009,0.0,0.40966268884520024
SC11520,2025-06-07,Chennai,Delhi,410.2,121.03,Van,Furniture,Rain,2547.6,1,5.0,Delayed,0.3479680384912794,0.1268291654366803,0.2828512593024539
SC11521,2025-11-20,Chennai,Mumbai,243.6,886.97,Mini Truck,Groceries,Rain,3026.37,5,4.0,On-Time,0.20482859352178023,0.9343398136043521,0.339366267468015
SC11522,2025-05-26,Hyderabad,Chennai,125.3,824.05,Mini Truck,Electronics,Rain,5254.78,3,3.0,On-Time,0.10318755906864853,0.8680048918314849,0.6024124260540125
SC11523,2025-10-20,Hyderabad,Mumbai,231.3,222.31,Bike,Groceries,Rain,1913.18,3,2.0,On-Time,0.1942606753157488,0.23360603888162612,0.2079630008894471
SC11524,2025-06-02,Chennai,Bengaluru,303.9,739.56,Heavy Truck,Electronics,Rain,1081.68,6,4.0,On-Time,0.256637168141593,0.7789292792982753,0.10981100872271973
SC11525,2025-07-12,Hyderabad,Mumbai,606.3,578.34,Mini Truck,Apparel,Rain,973.79,4,6.0,Delayed,0.5164533035484148,0.6089592206806395,0.0970754483680977
SC11526,2025-03-14,Bengaluru,Hyderabad,434.0,922.37,Heavy Truck,Pharma,Rain,4987.92,3,5.0,Delayed,0.36841653062977925,0.9716611141567918,0.570911715735777
SC11527,2025-11-01,Mumbai,Hyderabad,66.6,355.24,Heavy Truck,Furniture,Rain,4604.69,7,3.0,On-Time,0.052753672995961856,0.3737506852781175,0.5256744481975268
SC11528,2025-12-10,Mumbai,Delhi,19.3,647.55,Heavy Truck,Groceries,Clear,3061.23,4,2.0,On-Time,0.012114442821548246,0.6819255260827395,0.3434812144877771
SC11529,2025-05-20,Mumbai,Delhi,86.4,60.83,Van,Groceries,Clear,1758.0,5,2.0,On-Time,0.06976544376664665,0.06336186901699489,0.18964523042109743
SC11530,2025-07-06,Bengaluru,Delhi,331.3,376.74,Heavy Truck,Groceries,Rain,4114.04,7,4.0,On-Time,0.28017870951112644,0.3964175768565766,0.4677571000837509
SC11531,2025-10-20,Hyderabad,Chennai,746.9,915.64,Mini Truck,Groceries,Clear,374.83,6,6.0,On-Time,0.6372540596271158,0.9645658499557206,0.02637296222476275
SC11532,2025-03-02,Delhi,Delhi,511.7,512.26,Van,Pharma,Clear,3474.13,7,4.0,On-Time,0.43517484319958766,0.5392927929827521,0.392220790634069
SC11533,2025-07-17,Hyderabad,Chennai,642.5,273.84,Heavy Truck,Electronics,Clear,2480.79,1,5.0,Delayed,0.5475556319271415,0.2879327794880445,0.2749648677249927
SC11534,2025-10-22,Chennai,Delhi,375.8,114.7,Bike,Pharma,Clear,5870.48,1,4.0,Delayed,0.3184122347280695,0.12015561084637119,0.6750909366698321
SC11535,2025-11-15,Mumbai,Chennai,292.5,668.5,Heavy Truck,Apparel,Storm,3119.23,5,5.0,On-Time,0.2468425122433199,0.7040125669464008,0.35032765531239546
SC11536,2025-10-29,Hyderabad,Mumbai,91.2,612.79,Heavy Truck,Pharma,Clear,3380.77,5,3.0,On-Time,0.07388950940802476,0.6452789609075191,0.38120038174809706
SC11537,2025-12-10,Delhi,Mumbai,701.4,355.55,Van,Pharma,Clear,4317.32,7,6.0,On-Time,0.5981613540682189,0.3740775102264581,0.4917526947532065
SC11538,2025-01-11,Chennai,Hyderabad,627.6,903.42,Mini Truck,Apparel,Clear,2984.55,6,5.0,On-Time,0.5347538448320304,0.9516826213469406,0.33442974754929883
SC11539,2025-03-03,Bengaluru,Chennai,138.7,21.58,Heavy Truck,Pharma,Rain,1463.73,6,3.0,On-Time,0.11470057565082913,0.021981613460970776,0.15490898660281377
SC11540,2025-11-29,Bengaluru,Bengaluru,412.2,288.89,Van,Electronics,Clear,3293.08,2,3.0,Delayed,0.34968639917518696,0.3037996035929659,0.3708492714737731
SC11541,2025-08-14,Delhi,Hyderabad,392.5,875.06,Van,Furniture,Rain,5673.97,3,5.0,Delayed,0.33276054643869757,0.9217834099439127,0.651894486903526
SC11542,2025-06-02,Chennai,Mumbai,501.9,305.23,Mini Truck,Apparel,Rain,2547.98,3,5.0,Delayed,0.4267548758484407,0.3210264411925948,0.2828961152940635
SC11543,2025-07-18,Mumbai,Chennai,757.2,240.01,Van,Groceries,Clear,4125.9,3,5.0,Delayed,0.6461036171492397,0.2522666891578459,0.46915707919030214
SC11544,2025-02-21,Hyderabad,Delhi,465.9,507.74,Mini Truck,Electronics,Clear,5871.5,4,5.0,Delayed,0.39582438353810473,0.5345274743811412,0.6752113395946789
SC11545,2025-09-17,Chennai,Bengaluru,434.5,782.7,Bike,Furniture,Clear,5005.05,2,4.0,Delayed,0.3688461208007562,0.8244106608189602,0.5729337766207031
SC11546,2025-02-28,Bengaluru,Mumbai,45.0,98.44,Heavy Truck,Electronics,Rain,4005.35,7,2.0,On-Time,0.0341953776097603,0.1030131151688947,0.4549271060625824
SC11547,2025-03-13,Delhi,Hyderabad,55.0,895.9,Van,Electronics,Rain,4455.58,3,3.0,On-Time,0.04278718102929806,0.9437544806646144,0.5080731931740985
SC11548,2025-05-28,Delhi,Chennai,153.9,755.42,Bike,Groceries,Clear,5628.43,4,1.0,On-Time,0.12776011684852653,0.7956500653649897,0.6465188504353688
SC11549,2025-12-15,Hyderabad,Bengaluru,30.8,172.6,Van,Furniture,Clear,5764.55,4,1.0,On-Time,0.02199501675401667,0.18119807700417492,0.662586738798249
SC11550,2025-03-04,Delhi,Chennai,596.0,676.55,Van,Electronics,Clear,5818.46,1,6.0,Delayed,0.507603746026291,0.7124994728629866,0.6689503875026486
SC11551,2025-11-06,Delhi,Delhi,580.0,366.02,Bike,Groceries,Rain,3810.0,4,5.0,Delayed,0.4938568605550306,0.38511575928815417,0.43186758511276857
SC11552,2025-08-31,Chennai,Hyderabad,113.2,382.48,Van,Apparel,Clear,2400.56,5,2.0,On-Time,0.09279147693100784,0.40246910977101175,0.2654943513912145
SC11553,2025-11-26,Mumbai,Chennai,669.7,744.23,Van,Groceries,Clear,928.95,6,6.0,On-Time,0.5709253372282843,0.783852739003922,0.0917824413581686
SC11554,2025-04-17,Hyderabad,Mumbai,128.1,914.66,Bike,Pharma,Clear,2405.46,4,3.0,On-Time,0.1055932640261191,0.9635326614093536,0.2660727575988116
SC11555,2025-08-14,Chennai,Hyderabad,244.4,120.76,Van,Groceries,Rain,5666.29,5,4.0,On-Time,0.20551593779534327,0.12654451144941595,0.65098792370468
SC11556,2025-11-09,Mumbai,Mumbai,202.9,399.89,Mini Truck,Groceries,Rain,5355.31,5,3.0,On-Time,0.16985995360426157,0.420824020579429,0.6142791966764072
SC11557,2025-08-06,Chennai,Chennai,301.0,457.15,Van,Groceries,Clear,3213.41,1,3.0,Delayed,0.25414554514992704,0.4811917513600135,0.3614448587065775
SC11558,2025-08-29,Chennai,Hyderabad,207.5,357.81,Heavy Truck,Electronics,Rain,3291.49,7,3.0,On-Time,0.17381218317724892,0.3764601695272635,0.37066158456151205
SC11559,2025-09-16,Delhi,Mumbai,393.7,345.35,Van,Furniture,Clear,1957.18,1,4.0,Delayed,0.3337915628490421,0.36332391515202633,0.21315685254950242
SC11560,2025-09-19,Mumbai,Delhi,328.9,50.13,Heavy Truck,Groceries,Storm,2808.87,4,5.0,Delayed,0.2781166766904374,0.052081136929110615,0.3136921143756961
SC11561,2025-01-05,Hyderabad,Delhi,789.3,651.42,Heavy Truck,Groceries,Clear,4329.52,1,7.0,Delayed,0.6736833061259558,0.6860055665668621,0.4931928081680401
SC11562,2025-09-18,Hyderabad,Chennai,49.5,414.69,Van,Pharma,Rain,2504.22,1,2.0,Delayed,0.03806168914855229,0.4364272761776241,0.2777305937339721
SC11563,2025-02-23,Mumbai,Hyderabad,118.0,185.46,Bike,Pharma,Clear,1249.71,7,3.0,On-Time,0.09691554257238597,0.19475604099017418,0.12964561995997193
SC11564,2025-02-16,Delhi,Bengaluru,47.0,775.32,Mini Truck,Apparel,Clear,3314.03,6,2.0,On-Time,0.03591373829366784,0.8166301185004008,0.3733222531164586
SC11565,2025-08-03,Bengaluru,Hyderabad,502.5,762.53,Mini Truck,Apparel,Rain,1468.22,3,5.0,Delayed,0.42727038405361295,0.8031459536962848,0.15543899555630578
SC11566,2025-06-26,Chennai,Delhi,48.3,462.33,Van,Pharma,Clear,5849.58,4,2.0,On-Time,0.03703067273820776,0.4866528908193818,0.6726238571313059
SC11567,2025-01-09,Delhi,Mumbai,670.0,283.88,Bike,Furniture,Clear,2433.49,7,6.0,On-Time,0.5711830913308704,0.29851769071817147,0.26938147719043315
SC11568,2025-04-09,Mumbai,Bengaluru,412.0,606.37,Bike,Apparel,Clear,5471.54,4,4.0,On-Time,0.3495145631067962,0.6385105216547886,0.627999228004776
SC11569,2025-01-20,Chennai,Chennai,424.0,274.1,Mini Truck,Furniture,Clear,1469.49,4,3.0,On-Time,0.3598247272102415,0.2882068907350399,0.15558890900194827
SC11570,2025-08-29,Hyderabad,Bengaluru,451.5,224.59,Bike,Pharma,Clear,1256.87,1,4.0,Delayed,0.38345218661397035,0.2360097836629697,0.13049080127556273
SC11571,2025-03-02,Bengaluru,Chennai,140.8,694.12,Van,Apparel,Clear,3758.87,6,3.0,On-Time,0.11650485436893207,0.7310230675157088,0.4258320933996179
SC11572,2025-06-27,Hyderabad,Bengaluru,162.2,38.79,Van,Groceries,Rain,4709.37,1,2.0,Delayed,0.13489131368674284,0.040125669464007085,0.5380310934651312
SC11573,2025-12-04,Mumbai,Chennai,258.5,90.48,Bike,Pharma,Rain,3465.57,5,3.0,On-Time,0.21763038061689152,0.09462109391473032,0.39121035040202184
SC11574,2025-03-03,Chennai,Chennai,476.8,6.95,Van,Apparel,Clear,1494.3,2,4.0,Delayed,0.4051894492654009,0.006557584447349556,0.1585175330857204
SC11575,2025-05-25,Mumbai,Bengaluru,172.0,145.72,Heavy Truck,Furniture,Clear,371.68,2,1.0,On-Time,0.14331128103788987,0.15285919116096655,0.026001129662736065
SC11576,2025-08-04,Chennai,Bengaluru,97.5,66.01,Mini Truck,Furniture,Fog,3766.99,7,3.0,On-Time,0.07930234556233355,0.06882300847636319,0.42679059511506445
SC11577,2025-01-03,Delhi,Chennai,776.2,946.01,Van,Apparel,Clear,916.57,2,7.0,Delayed,0.6624280436463614,0.9965841521528277,0.09032108036836214
SC11578,2025-06-09,Bengaluru,Delhi,22.5,274.73,Bike,Furniture,Clear,2157.58,7,1.0,On-Time,0.014863819915800328,0.2888710833719901,0.23681248601939078
SC11579,2025-08-15,Delhi,Bengaluru,643.1,142.23,Mini Truck,Apparel,Rain,4103.34,3,6.0,Delayed,0.5480711401323138,0.14917977480706784,0.466494049793692
SC11580,2025-09-26,Delhi,Hyderabad,631.5,229.33,Van,Apparel,Rain,723.44,1,4.0,Delayed,0.5381046481656501,0.24100704255049976,0.06752361284321473
SC11581,2025-04-30,Mumbai,Mumbai,241.3,889.35,Mini Truck,Furniture,Clear,894.42,5,3.0,On-Time,0.20285247873528658,0.9368489857883863,0.08770644822585699
SC11582,2025-03-30,Bengaluru,Chennai,112.8,494.39,Bike,Electronics,Clear,510.75,5,2.0,On-Time,0.09244780479422632,0.5204529161219585,0.04241724217100639
SC11583,2025-11-25,Chennai,Chennai,120.8,346.89,Heavy Truck,Groceries,Clear,5977.06,2,1.0,On-Time,0.09932124752985654,0.36494749715346014,0.6876718618954845
SC11584,2025-03-09,Chennai,Mumbai,559.5,829.79,Heavy Truck,Pharma,Storm,2414.4,6,8.0,Delayed,0.4762436635449782,0.87405642474592,0.2671280538224683
SC11585,2025-12-23,Hyderabad,Delhi,516.0,375.54,Van,Groceries,Clear,5448.9,3,5.0,Delayed,0.4388693186699889,0.3951524480242905,0.6253267552415112
SC11586,2025-04-08,Chennai,Mumbai,627.3,318.59,Heavy Truck,Pharma,Storm,1867.48,7,8.0,Delayed,0.5344960907294442,0.33511154219204653,0.20256847768798053
SC11587,2025-09-24,Mumbai,Bengaluru,750.3,197.31,Van,Pharma,Clear,4556.24,3,5.0,Delayed,0.6401752727897586,0.2072491882089993,0.5199553092673069
SC11588,2025-04-15,Delhi,Mumbai,555.1,359.22,Mini Truck,Groceries,Clear,1431.54,2,5.0,Delayed,0.4724632700403816,0.37794669590519975,0.15110921194515056
SC11589,2025-11-19,Delhi,Chennai,128.9,301.19,Van,Apparel,Clear,3065.2,7,3.0,On-Time,0.10628060829968212,0.3167671741238983,0.34394984155801384
SC11590,2025-05-03,Delhi,Mumbai,198.5,643.6,Van,Furniture,Rain,4974.0,7,4.0,On-Time,0.16607956009966493,0.6777611436764645,0.5692685699378686
SC11591,2025-01-29,Bengaluru,Hyderabad,674.5,275.46,Van,Electronics,Clear,4925.56,2,5.0,Delayed,0.5750494028696624,0.28964070341163073,0.5635506114284804
SC11592,2025-05-17,Chennai,Bengaluru,171.4,548.55,Heavy Truck,Electronics,Clear,4796.54,1,2.0,Delayed,0.1427957728327176,0.5775523974191372,0.5483208218562
SC11593,2025-07-14,Mumbai,Mumbai,62.7,63.06,Van,Electronics,Fog,4968.85,6,2.0,On-Time,0.04940286966234214,0.06571290009699321,0.5686606532094758
SC11594,2025-08-14,Bengaluru,Chennai,564.1,182.13,Bike,Groceries,Storm,1387.11,3,6.0,Delayed,0.48019589311796557,0.19124530848058027,0.1458646021893265
SC11595,2025-11-28,Hyderabad,Bengaluru,325.0,387.33,Van,Groceries,Clear,2970.97,5,3.0,On-Time,0.2747658733568177,0.4075823388015013,0.3328267360596726
SC11596,2025-06-19,Mumbai,Chennai,736.4,890.13,Mini Truck,Apparel,Clear,2986.5,2,5.0,Delayed,0.6282326660366011,0.9376713195293722,0.3346599296115058
SC11597,2025-01-09,Mumbai,Delhi,522.0,358.7,Bike,Electronics,Rain,5359.44,1,5.0,Delayed,0.44402440072171157,0.377398473411209,0.6147667104799532
SC11598,2025-02-09,Mumbai,Hyderabad,76.9,631.04,Mini Truck,Apparel,Rain,1886.82,5,2.0,On-Time,0.061603230518085764,0.6645194618985367,0.20485141157674122
SC11599,2025-01-25,Delhi,Delhi,758.5,242.71,Mini Truck,Electronics,Clear,5599.25,3,5.0,Delayed,0.6472205515937796,0.2551132290304896,0.6430743824480866
SC11600,2025-09-18,Mumbai,Hyderabad,210.6,121.12,Mini Truck,Groceries,Fog,2787.16,2,3.0,Delayed,0.17647564223730564,0.12692405009910177,0.3111294207497915
SC11601,2025-08-14,Chennai,Mumbai,273.1,56.08,Bike,Furniture,Clear,4068.25,7,3.0,On-Time,0.23017441360941668,0.058354067389195796,0.4623519530947979
SC11602,2025-05-04,Mumbai,Bengaluru,324.8,290.49,Bike,Furniture,Rain,1722.97,6,4.0,On-Time,0.2745940372884269,0.30548644203601405,0.1855102162471943
SC11603,2025-02-07,Delhi,Mumbai,45.7,150.2,Heavy Truck,Furniture,Clear,2550.24,2,1.0,On-Time,0.034796803849127936,0.15758233880150127,0.2831628904020572
SC11604,2025-11-24,Mumbai,Hyderabad,399.7,165.72,Bike,Furniture,Clear,4302.34,6,3.0,On-Time,0.33894664490076476,0.17394467169906802,0.4899844243471241
SC11605,2025-09-08,Hyderabad,Hyderabad,103.0,722.84,Van,Pharma,Clear,3149.57,1,2.0,Delayed,0.08402783744307932,0.7613018175684225,0.35390905211616996
SC11606,2025-06-25,Hyderabad,Hyderabad,323.8,15.54,Mini Truck,Electronics,Rain,5594.64,1,4.0,Delayed,0.27373485694647315,0.015613798338464133,0.6425302084446126
SC11607,2025-03-31,Delhi,Chennai,283.8,530.14,Heavy Truck,Furniture,Storm,4462.18,3,6.0,Delayed,0.23936764326832205,0.5581432125838148,0.5088522709231068
SC11608,2025-02-06,Chennai,Bengaluru,619.4,360.8,Bike,Pharma,Clear,3451.76,6,5.0,On-Time,0.5277085660280093,0.37961244886770973,0.3895801892332636
SC11609,2025-11-12,Chennai,Mumbai,643.5,481.47,Mini Truck,Pharma,Clear,5337.02,2,6.0,Delayed,0.5484148122690954,0.5068316956943449,0.6121202069749887
SC11610,2025-06-25,Bengaluru,Mumbai,127.0,534.91,Bike,Pharma,Clear,4043.5,1,3.0,Delayed,0.10464816564996995,0.563172099692152,0.4594304115360167
SC11611,2025-10-11,Delhi,Delhi,296.4,298.04,Heavy Truck,Apparel,Fog,3936.82,2,5.0,Delayed,0.25019331557693963,0.3134462109391473,0.4468376821020463
SC11612,2025-03-22,Mumbai,Hyderabad,301.8,280.71,Bike,Apparel,Storm,1591.27,3,5.0,Delayed,0.2548328894234901,0.2951756420528824,0.16996407389198323
SC11613,2025-04-24,Delhi,Hyderabad,125.4,696.87,Bike,Pharma,Rain,2459.91,6,3.0,On-Time,0.10327347710284392,0.7339223210896977,0.27250014902813
SC11614,2025-02-09,Bengaluru,Hyderabad,639.8,827.78,Mini Truck,Furniture,Clear,4147.33,2,4.0,Delayed,0.5452358450038663,0.8719373339518408,0.4716867210329155
SC11615,2025-10-28,Delhi,Mumbai,567.2,183.36,Van,Electronics,Storm,5366.98,5,7.0,Delayed,0.4828593521780223,0.19254206553367353,0.6156567477871536
SC11616,2025-08-12,Delhi,Delhi,156.4,93.19,Bike,Groceries,Clear,1995.95,2,2.0,On-Time,0.12990806770341096,0.09747817652764307,0.21773334411451026
SC11617,2025-11-14,Bengaluru,Chennai,296.5,852.96,Heavy Truck,Apparel,Clear,1410.59,4,5.0,Delayed,0.250279233611135,0.8984839539493107,0.14863623030246512
SC11618,2025-12-15,Chennai,Bengaluru,398.2,457.015,Bike,Furniture,Clear,3093.86,4,1.0,On-Time,0.33765787438783407,0.4810494243663813,0.3473329276620408
SC11619,2025-04-25,Mumbai,Chennai,504.4,523.98,Bike,Furniture,Clear,543.1,7,5.0,On-Time,0.4289028267033251,0.5516488845780796,0.04623590356197888
SC11620,2025-07-05,Bengaluru,Mumbai,101.5,341.89,Van,Groceries,Rain,4330.07,3,2.0,On-Time,0.08273906693014865,0.35967612701893475,0.4932577313137907
SC11621,2025-11-19,Hyderabad,Hyderabad,788.8,119.95,Mini Truck,Groceries,Rain,4263.36,3,6.0,Delayed,0.673253715954979,0.12569054948762284,0.48538314394464765
SC11622,2025-02-25,Chennai,Bengaluru,625.6,560.07,Heavy Truck,Furniture,Clear,2226.55,3,4.0,Delayed,0.5330354841481227,0.5896976342090837,0.24495384849652754
SC11623,2025-02-09,Hyderabad,Mumbai,315.2,499.12,Mini Truck,Groceries,Clear,5372.16,5,4.0,On-Time,0.26634590600567065,0.5254396322692195,0.616268205778042
SC11624,2025-12-20,Chennai,Mumbai,398.2,457.015,Mini Truck,Furniture,Clear,3093.86,6,4.0,On-Time,0.33765787438783407,0.4810494243663813,0.3473329276620408
SC11625,2025-02-09,Mumbai,Mumbai,729.5,429.55,Mini Truck,Groceries,Clear,3927.72,5,5.0,On-Time,0.6223043216771201,0.4520937882174335,0.44576349914508023
SC11626,2025-12-13,Mumbai,Bengaluru,445.5,757.2,Van,Groceries,Clear,1376.03,7,4.0,On-Time,0.3782971045622477,0.7975266731328808,0.14455669590765804
SC11627,2025-08-25,Delhi,Bengaluru,143.7,561.11,Van,Furniture,Clear,2591.44,2,2.0,On-Time,0.118996477360598,0.5907940791970651,0.2880262242292
SC11628,2025-10-16,Hyderabad,Delhi,306.1,92.52,Bike,Pharma,Rain,5195.14,1,3.0,Delayed,0.25852736489389133,0.09677181292961666,0.595372396212974
SC11629,2025-09-19,Chennai,Delhi,675.3,520.85,Heavy Truck,Furniture,Fog,1395.7,6,7.0,Delayed,0.5757367471432254,0.5483490068738668,0.14687858368386913
SC11630,2025-08-04,Mumbai,Chennai,517.1,667.75,Van,Electronics,Fog,2434.86,4,6.0,Delayed,0.4398144170461381,0.703221861426222,0.26954319484439404
SC11631,2025-05-27,Bengaluru,Bengaluru,522.3,753.17,Mini Truck,Groceries,Storm,2010.75,4,7.0,Delayed,0.44428215482429767,0.7932779488044533,0.2194803669456198
SC11632,2025-12-02,Mumbai,Bengaluru,694.1,597.85,Van,Apparel,Rain,1033.99,7,6.0,On-Time,0.5918893375719564,0.6295281069455574,0.10418158177571887
SC11633,2025-06-17,Bengaluru,Bengaluru,715.7,145.45,Heavy Truck,Groceries,Clear,1844.85,4,7.0,Delayed,0.6104476329581581,0.15257453717370217,0.19989718534554754
SC11634,2025-04-02,Chennai,Delhi,736.2,674.81,Bike,Electronics,Fog,1511.72,7,7.0,On-Time,0.6280608299682104,0.7106650360561717,0.16057382617476956
SC11635,2025-12-19,Mumbai,Mumbai,80.4,643.64,Bike,Apparel,Clear,5553.02,2,2.0,On-Time,0.06461036171492399,0.6778033146375406,0.6376172969425331
SC11636,2025-02-28,Mumbai,Hyderabad,398.2,457.015,Mini Truck,Apparel,Clear,3093.86,2,5.0,Delayed,0.33765787438783407,0.4810494243663813,0.3473329276620408
SC11637,2025-02-28,Chennai,Delhi,593.7,391.45,Bike,Furniture,Clear,1999.19,3,5.0,Delayed,0.5056276312397974,0.4119259477923502,0.21811580046402343
SC11638,2025-10-31,Mumbai,Bengaluru,606.8,316.64,Bike,Pharma,Rain,4615.53,1,6.0,Delayed,0.5168828937193917,0.33305570783958166,0.5269540243792314
SC11639,2025-06-18,Bengaluru,Delhi,487.3,636.11,Heavy Truck,Furniture,Clear,279.52,3,5.0,Delayed,0.41421084285591553,0.6698646312149455,0.015122371276583814
SC11640,2025-09-26,Mumbai,Chennai,137.6,205.72,Van,Apparel,Clear,3230.17,2,2.0,On-Time,0.11375547727467997,0.21611563277527096,0.36342324402072584
SC11641,2025-12-29,Hyderabad,Bengaluru,638.9,561.53,Bike,Apparel,Clear,1614.46,5,5.0,On-Time,0.5444625826961079,0.5912368742883651,0.17270146980099876
SC11642,2025-02-14,Delhi,Chennai,577.5,867.59,Heavy Truck,Pharma,Clear,818.78,3,5.0,Delayed,0.49170890970014614,0.9139079829629319,0.07877774505388915
SC11643,2025-12-11,Bengaluru,Bengaluru,73.5,758.01,Heavy Truck,Groceries,Storm,5319.99,6,5.0,On-Time,0.058682017355442914,0.7983806350946739,0.6101099502983809
SC11644,2025-06-30,Hyderabad,Delhi,373.7,875.42,Mini Truck,Pharma,Clear,1316.14,2,5.0,Delayed,0.31660795600996655,0.9221629485935985,0.13748715554582364
SC11645,2025-06-19,Chennai,Mumbai,143.3,929.59,Heavy Truck,Furniture,Clear,4960.99,2,2.0,On-Time,0.11865280522381651,0.9792729726310464,0.5677328424356567
SC11646,2025-12-22,Bengaluru,Hyderabad,273.3,10.63,Mini Truck,Groceries,Fog,2567.35,5,3.0,On-Time,0.23034624967780742,0.010437312866360227,0.2851825904453197
SC11647,2025-07-10,Delhi,Chennai,19.4,591.79,Bike,Furniture,Rain,233.6,5,2.0,On-Time,0.012200360855743622,0.6231392063425126,0.009701878816816983
SC11648,2025-06-04,Delhi,Delhi,323.3,392.49,Mini Truck,Pharma,Clear,4435.32,5,4.0,On-Time,0.27330526677549627,0.4130223927803315,0.5056816605688094
SC11649,2025-07-07,Chennai,Mumbai,442.2,816.93,Heavy Truck,Groceries,Clear,3638.7,1,5.0,Delayed,0.37546180943380025,0.8604984607599208,0.4116469762635077
SC11650,2025-01-07,Chennai,Delhi,497.6,239.6,Van,Pharma,Clear,2163.41,6,3.0,On-Time,0.42306040037803944,0.25183443680681483,0.23750067136434808
SC11651,2025-05-13,Bengaluru,Chennai,532.5,931.99,Van,Electronics,Fog,1797.04,2,8.0,Delayed,0.45304579431222625,0.9818032302956186,0.19425359334856468
SC11652,2025-08-23,Mumbai,Hyderabad,669.9,583.22,Bike,Apparel,Rain,581.09,5,6.0,Delayed,0.571097173296675,0.6141040779319362,0.05072032230210393
SC11653,2025-02-14,Chennai,Delhi,176.3,753.96,Bike,Groceries,Storm,5657.34,1,6.0,Delayed,0.14700575650829112,0.7941108252857084,0.6499314470601915
SC11654,2025-11-10,Mumbai,Bengaluru,100.8,81.78,Van,Apparel,Clear,3039.81,4,2.0,On-Time,0.08213764069078101,0.08544890988065619,0.3409527530659956
SC11655,2025-09-06,Hyderabad,Mumbai,682.0,174.69,Mini Truck,Electronics,Clear,650.32,6,4.0,On-Time,0.5814932554343157,0.18340150972040653,0.05889237572086826
SC11656,2025-01-31,Delhi,Delhi,129.5,720.6,Bike,Groceries,Clear,5231.78,7,2.0,On-Time,0.10679611650485439,0.7589402437481552,0.5996974581408018
SC11657,2025-01-23,Mumbai,Mumbai,779.9,21.38,Heavy Truck,Apparel,Rain,1781.17,7,6.0,On-Time,0.6656070109115904,0.02177075865558976,0.1923802654884493
SC11658,2025-06-09,Delhi,Bengaluru,674.8,776.13,Bike,Apparel,Clear,1341.08,4,5.0,Delayed,0.5753071569722485,0.8174840804621938,0.14043112510040953
SC11659,2025-12-29,Mumbai,Hyderabad,403.2,13.74,Mini Truck,Groceries,Clear,1793.48,4,3.0,On-Time,0.34195377609760297,0.013716105090035003,0.19383336353243294
SC11660,2025-06-07,Hyderabad,Hyderabad,785.2,624.43,Bike,Apparel,Clear,3452.74,2,5.0,Delayed,0.6701606667239455,0.6575507105806941,0.389695870474783
SC11661,2025-02-08,Chennai,Bengaluru,82.4,347.16,Heavy Truck,Apparel,Clear,583.23,1,2.0,Delayed,0.06632872239883153,0.36523215114072455,0.05097293236011571
SC11662,2025-03-23,Hyderabad,Mumbai,245.9,581.11,Heavy Truck,Groceries,Rain,2968.28,1,5.0,Delayed,0.20680470830827394,0.6118795597351665,0.33250920285591024
SC11663,2025-12-22,Chennai,Delhi,512.4,661.38,Heavy Truck,Apparel,Clear,5390.1,4,5.0,Delayed,0.4357762694389553,0.6965061358748367,0.6183858807503464
SC11664,2025-09-15,Chennai,Bengaluru,283.3,325.68,Mini Truck,Apparel,Clear,1250.8,6,3.0,On-Time,0.23893805309734517,0.34258634504280355,0.12977428583064146
SC11665,2025-07-25,Delhi,Chennai,743.1,103.01,Mini Truck,Furniture,Clear,2087.45,3,5.0,Delayed,0.6339891743276914,0.1078311474718509,0.22853419472576167
SC11666,2025-03-18,Hyderabad,Mumbai,57.2,66.63,Heavy Truck,Furniture,Fog,2467.31,4,2.0,On-Time,0.04467737778159636,0.06947665837304431,0.2733736604436848
SC11667,2025-01-12,Mumbai,Hyderabad,441.8,559.69,Heavy Truck,Electronics,Clear,3579.39,2,5.0,Delayed,0.37511813729701876,0.5892970100788598,0.4046459003099195
SC11668,2025-10-22,Hyderabad,Bengaluru,474.7,494.86,Mini Truck,Furniture,Clear,5527.64,4,4.0,On-Time,0.40338517054729794,0.5209484249146039,0.6346213888713466
SC11669,2025-08-12,Delhi,Hyderabad,523.9,705.22,Mini Truck,Furniture,Clear,2458.05,6,5.0,On-Time,0.44565684337142375,0.7427255092143551,0.27228059075340955
SC11670,2025-01-13,Chennai,Mumbai,208.3,484.49,Mini Truck,Electronics,Clear,554.54,6,3.0,On-Time,0.17449952745081196,0.5100156032555982,0.047586304993593266
SC11671,2025-02-15,Delhi,Hyderabad,294.8,401.61,Van,Apparel,Fog,2185.51,4,5.0,Delayed,0.24881862702981358,0.42263737190570577,0.24010940140269407
SC11672,2025-06-04,Bengaluru,Bengaluru,675.7,378.48,Mini Truck,Apparel,Clear,1262.0,1,5.0,Delayed,0.576080419280007,0.3982520136633914,0.13109635716229193
SC11673,2025-04-23,Bengaluru,Mumbai,160.0,25.61,Heavy Truck,Furniture,Fog,3962.88,4,3.0,On-Time,0.13300111693444455,0.026230337789398223,0.44991385878979717
SC11674,2025-08-21,Mumbai,Chennai,662.4,319.11,Van,Electronics,Clear,321.18,5,5.0,On-Time,0.5646533207320217,0.33565976468603725,0.020040004461990744
SC11675,2025-01-17,Delhi,Bengaluru,452.3,927.23,Mini Truck,Apparel,Fog,1857.79,5,7.0,Delayed,0.3841395308875334,0.9767848859275504,0.20142464990193654
SC11676,2025-12-26,Mumbai,Delhi,610.9,829.94,Heavy Truck,Pharma,Rain,3339.27,3,6.0,Delayed,0.5204055331214023,0.8742145658499559,0.3763016352959994
SC11677,2025-08-11,Mumbai,Bengaluru,572.3,313.24,Bike,Groceries,Clear,1772.41,2,4.0,Delayed,0.48724117192198646,0.32947117614810445,0.19134621683976555
SC11678,2025-12-20,Bengaluru,Mumbai,398.2,457.015,Van,Groceries,Clear,3093.86,2,3.0,Delayed,0.33765787438783407,0.4810494243663813,0.3473329276620408
SC11679,2025-07-07,Mumbai,Bengaluru,457.2,805.01,Heavy Truck,Groceries,Clear,821.07,7,3.0,On-Time,0.38834951456310685,0.8479315143592123,0.07904806142437842
SC11680,2025-12-10,Bengaluru,Chennai,694.8,419.49,Bike,Furniture,Clear,5665.41,1,5.0,Delayed,0.592490763811324,0.4414877915067685,0.6508840466714788
SC11681,2025-12-31,Chennai,Chennai,348.5,17.55,Heavy Truck,Groceries,Clear,1851.8,2,4.0,Delayed,0.2949566113927314,0.017732889132543332,0.20071757782366992
SC11682,2025-06-12,Delhi,Delhi,398.2,457.015,Mini Truck,Groceries,Clear,3093.86,3,6.0,Delayed,0.33765787438783407,0.4810494243663813,0.3473329276620408
SC11683,2025-11-22,Mumbai,Hyderabad,364.5,485.12,Mini Truck,Pharma,Rain,2056.14,5,4.0,On-Time,0.30870349686399184,0.5106797958925485,0.22483829710129957
SC11684,2025-03-15,Bengaluru,Mumbai,118.5,920.98,Bike,Apparel,Clear,4723.77,1,4.0,Delayed,0.09734513274336286,0.9701956732593937,0.5397308994629676
SC11685,2025-08-21,Hyderabad,Mumbai,314.6,658.7,Mini Truck,Pharma,Rain,1590.2,6,5.0,On-Time,0.2658303978004984,0.6936806814827311,0.16983776886297733
SC11686,2025-08-12,Mumbai,Hyderabad,761.6,67.83,Heavy Truck,Furniture,Clear,4068.15,5,6.0,Delayed,0.6498840106538364,0.0707417872053304,0.46234014888647956
SC11687,2025-11-15,Chennai,Chennai,259.2,180.3,Bike,Groceries,Clear,2043.74,3,2.0,On-Time,0.21823180685625915,0.189315987011344,0.22337457526982946
SC11688,2025-03-01,Chennai,Chennai,398.2,457.015,Heavy Truck,Apparel,Clear,3093.86,1,6.0,Delayed,0.33765787438783407,0.4810494243663813,0.3473329276620408
SC11689,2025-12-01,Hyderabad,Bengaluru,705.6,799.45,Heavy Truck,Groceries,Rain,4091.81,4,7.0,Delayed,0.6017699115044248,0.8420697507696202,0.4651330245745911
SC11690,2025-08-10,Bengaluru,Delhi,283.4,587.0,Heavy Truck,Groceries,Rain,3594.96,2,4.0,Delayed,0.23902397113154053,0.6180892337536373,0.40648381554508
SC11691,2025-02-06,Mumbai,Delhi,71.2,612.38,Mini Truck,Furniture,Rain,3521.24,3,4.0,Delayed,0.05670590256894924,0.6448467085564881,0.39778175317282366
SC11692,2025-10-05,Bengaluru,Delhi,581.0,27.41,Mini Truck,Groceries,Fog,534.23,1,5.0,Delayed,0.4947160408969844,0.028128031037827354,0.045188870284145
SC11693,2025-07-15,Chennai,Bengaluru,252.7,787.19,Heavy Truck,Electronics,Clear,1607.1,5,3.0,On-Time,0.2126471346335596,0.829144351199764,0.1718326800687713
SC11694,2025-12-18,Bengaluru,Delhi,627.4,748.97,Van,Apparel,Rain,3495.26,1,7.0,Delayed,0.5345820087636395,0.788849997891452,0.3947150198517274
SC11695,2025-08-30,Chennai,Hyderabad,356.9,246.45,Heavy Truck,Apparel,Clear,257.16,4,3.0,On-Time,0.3021737262651431,0.2590562138911146,0.01248295029661025
SC11696,2025-11-20,Bengaluru,Bengaluru,390.8,673.39,Heavy Truck,Electronics,Clear,1616.27,3,5.0,Delayed,0.33129993985737616,0.7091679669379666,0.1729151259715601
SC11697,2025-08-07,Hyderabad,Hyderabad,623.4,204.5,Bike,Furniture,Clear,1490.73,1,5.0,Delayed,0.5311452873958245,0.21482941846244677,0.15809612284875682
SC11698,2025-07-11,Delhi,Bengaluru,309.0,38.79,Heavy Truck,Groceries,Clear,1611.66,6,3.0,On-Time,0.2610189878855572,0.040125669464007085,0.17237095196808616
SC11699,2025-01-17,Hyderabad,Delhi,398.2,457.015,Mini Truck,Groceries,Clear,3093.86,3,2.0,On-Time,0.33765787438783407,0.4810494243663813,0.3473329276620408
SC11700,2025-01-12,Hyderabad,Hyderabad,304.1,170.11,Bike,Apparel,Fog,3554.47,3,4.0,Delayed,0.25680900420998376,0.17857293467718133,0.4017042915969973
SC11701,2025-07-12,Delhi,Hyderabad,398.2,457.015,Van,Furniture,Clear,3093.86,5,5.0,On-Time,0.33765787438783407,0.4810494243663813,0.3473329276620408
SC11702,2025-01-22,Delhi,Hyderabad,423.1,397.82,Bike,Furniture,Clear,2408.28,7,4.0,On-Time,0.35905146490248313,0.41864167334373553,0.26640563627338787
SC11703,2025-04-30,Mumbai,Bengaluru,648.0,483.36,Van,Furniture,Clear,5570.49,2,5.0,Delayed,0.5522811238078873,0.5088242736051956,0.6396794921357413
SC11704,2025-07-29,Mumbai,Mumbai,292.6,453.18,Bike,Groceries,Clear,3963.93,7,4.0,On-Time,0.2469284302775153,0.4770062834732004,0.4500378029771394
SC11705,2025-11-02,Hyderabad,Delhi,421.8,257.51,Bike,Furniture,Clear,5489.06,6,3.0,On-Time,0.3579345304579432,0.2707164846286847,0.6300673253021436
SC11706,2025-09-27,Hyderabad,Hyderabad,538.2,28.2,Van,Electronics,Rain,5025.81,4,6.0,Delayed,0.4579431222613628,0.02896090751908236,0.5753843302675837
SC11707,2025-07-11,Chennai,Mumbai,219.2,575.04,Mini Truck,Pharma,Clear,4172.36,1,2.0,Delayed,0.1838645931781081,0.6054801163918526,0.4746413143749878
SC11708,2025-06-24,Chennai,Delhi,225.6,376.26,Mini Truck,Furniture,Clear,2233.22,7,3.0,On-Time,0.18936334736661226,0.39591152532366214,0.2457411891913586
SC11709,2025-10-12,Mumbai,Delhi,747.1,284.09,Mini Truck,Pharma,Fog,1560.5,2,8.0,Delayed,0.6374258956955066,0.2987390882638215,0.16633191899244
SC11710,2025-07-23,Mumbai,Hyderabad,580.2,823.66,Bike,Groceries,Rain,1450.99,5,5.0,On-Time,0.4940286966234214,0.867593724960992,0.1534051304630614
SC11711,2025-06-13,Chennai,Hyderabad,463.9,709.53,Heavy Truck,Furniture,Rain,5720.22,2,5.0,Delayed,0.39410602285419716,0.7472694302703159,0.6573539332507433
SC11712,2025-09-08,Chennai,Bengaluru,519.9,814.95,Bike,Apparel,Rain,5757.66,3,6.0,Delayed,0.4422201220036086,0.8584109981866488,0.6617734288451176
SC11713,2025-08-15,Bengaluru,Mumbai,28.3,470.49,Heavy Truck,Groceries,Clear,4390.26,3,1.0,On-Time,0.01984706589913223,0.4952557668789272,0.5003626843005801
SC11714,2025-01-07,Bengaluru,Mumbai,496.4,124.82,Heavy Truck,Electronics,Clear,5320.21,4,4.0,On-Time,0.4220293839676949,0.13082486399865054,0.6101359195566812
SC11715,2025-01-29,Chennai,Hyderabad,410.1,661.56,Mini Truck,Electronics,Rain,5526.13,6,5.0,On-Time,0.34788212045708405,0.6966959051996795,0.6344431453257401
SC11716,2025-02-02,Bengaluru,Delhi,438.9,196.17,Heavy Truck,Pharma,Rain,3142.6,1,5.0,Delayed,0.37262651430535276,0.2060473158183275,0.3530862987963839
SC11717,2025-05-14,Delhi,Hyderabad,290.7,419.45,Bike,Pharma,Clear,3830.0,1,3.0,Delayed,0.2452959876278031,0.44144562054569225,0.4342284267764301
SC11718,2025-03-20,Mumbai,Delhi,69.8,62.22,Bike,Apparel,Clear,2599.71,5,1.0,On-Time,0.055503050090213946,0.06482730991439295,0.289002432257124
SC11719,2025-02-27,Mumbai,Delhi,158.7,784.13,Mini Truck,Apparel,Rain,2598.17,4,3.0,On-Time,0.13188418248990463,0.8259182726774345,0.2888206474490221
SC11720,2025-01-26,Chennai,Hyderabad,760.8,120.08,Van,Electronics,Clear,374.81,1,5.0,Delayed,0.6491966663802733,0.12582760511112048,0.026370601383099088
SC11721,2025-08-14,Hyderabad,Chennai,329.9,857.99,Bike,Furniture,Clear,2687.86,6,4.0,On-Time,0.27897585703239114,0.9037869523046431,0.29940784188971215
SC11722,2025-10-12,Chennai,Mumbai,376.0,821.09,Heavy Truck,Electronics,Clear,4089.92,3,4.0,Delayed,0.31858407079646023,0.864884240711846,0.4649099250373751
SC11723,2025-01-04,Bengaluru,Delhi,46.9,441.62,Bike,Electronics,Clear,2618.6,4,1.0,On-Time,0.03582782025947247,0.4648188757221777,0.2912322472084523
SC11724,2025-04-09,Hyderabad,Delhi,34.9,707.28,Bike,Apparel,Clear,5253.6,2,2.0,On-Time,0.025517656156027153,0.7448973137097795,0.6022731363958566
SC11725,2025-02-08,Bengaluru,Chennai,575.2,588.66,Bike,Pharma,Clear,2095.49,7,5.0,On-Time,0.4897327949136525,0.6198393286382997,0.22948325307455358
SC11726,2025-09-28,Delhi,Bengaluru,432.8,763.02,Van,Apparel,Rain,926.19,7,5.0,On-Time,0.3673855142194348,0.8036625479694683,0.09145664520858332
SC11727,2025-10-12,Bengaluru,Chennai,409.4,410.5,Heavy Truck,Apparel,Clear,4897.62,4,4.0,On-Time,0.34728069421771635,0.43200986800489183,0.5602525156243453
SC11728,2025-06-06,Delhi,Chennai,398.2,457.015,Mini Truck,Apparel,Clear,3093.86,4,3.0,On-Time,0.33765787438783407,0.4810494243663813,0.3473329276620408
SC11729,2025-03-16,Delhi,Delhi,1169.1,439.6,Bike,Electronics,Clear,8622.965,6,4.0,On-Time,1.0,0.46268924218782953,1.0
SC11730,2025-10-15,Bengaluru,Mumbai,138.7,893.95,Heavy Truck,Furniture,Storm,3288.24,6,5.0,On-Time,0.11470057565082913,0.9416986463121496,0.370277947791167
SC11731,2025-05-10,Bengaluru,Chennai,156.0,462.31,Heavy Truck,Electronics,Clear,2500.84,1,2.0,Delayed,0.12956439556662944,0.4866318053388437,0.2773316114928133
SC11732,2025-06-24,Delhi,Bengaluru,371.3,439.76,Mini Truck,Groceries,Clear,5642.33,7,3.0,On-Time,0.3145459231892775,0.46285792603213427,0.6481596353916135
SC11733,2025-03-25,Hyderabad,Hyderabad,232.6,745.93,Bike,Apparel,Rain,3702.89,5,3.0,On-Time,0.1953776097602887,0.7856450048496606,0.41922409758302936
SC11734,2025-01-22,Delhi,Chennai,201.7,780.59,Van,Apparel,Clear,1076.58,5,4.0,On-Time,0.168828937193917,0.8221861426221905,0.10920899409848603
SC11735,2025-01-27,Mumbai,Chennai,518.0,526.99,Heavy Truck,Groceries,Clear,3087.57,6,4.0,On-Time,0.4405876793538965,0.5548222493990639,0.3465904429588193
SC11736,2025-07-14,Delhi,Bengaluru,522.5,171.22,Mini Truck,Apparel,Clear,5195.96,1,3.0,Delayed,0.44445399089268844,0.17974317884704594,0.5954691907211841
SC11737,2025-12-03,Hyderabad,Mumbai,660.5,444.64,Van,Apparel,Storm,4078.26,1,7.0,Delayed,0.5630208780823095,0.46800278328343103,0.46353355434746046
SC11738,2025-08-24,Mumbai,Chennai,337.1,919.68,Heavy Truck,Apparel,Fog,5078.34,1,5.0,Delayed,0.2851619554944584,0.9688251170244171,0.5815850808971907
SC11739,2025-04-02,Chennai,Chennai,63.1,715.46,Bike,Groceries,Fog,1614.84,6,4.0,On-Time,0.04974654179912365,0.7535212752498631,0.17274632579260832
SC11740,2025-01-21,Chennai,Mumbai,222.6,770.7,Heavy Truck,Electronics,Clear,5346.86,5,4.0,On-Time,0.18678580634075095,0.8117593724960993,0.6132817410735101
SC11741,2025-10-30,Hyderabad,Bengaluru,784.1,31.67,Van,Apparel,Fog,4570.33,1,7.0,Delayed,0.6692155683477963,0.03261923839244296,0.5216185222193565
SC11742,2025-12-23,Delhi,Chennai,479.0,444.73,Van,Furniture,Clear,4414.15,6,4.0,On-Time,0.4070796460176992,0.46809766794585256,0.5031827096678236
SC11743,2025-03-25,Bengaluru,Mumbai,569.2,614.47,Bike,Groceries,Rain,2177.27,2,6.0,Delayed,0.48457771286192985,0.6470501412727198,0.2391367346372655
SC11744,2025-09-19,Hyderabad,Chennai,10.8,788.62,Bike,Pharma,Rain,5342.8,2,2.0,On-Time,0.004811409914941148,0.8306519630582382,0.6128024902157869
SC11745,2025-05-27,Mumbai,Hyderabad,417.0,47.29,Mini Truck,Groceries,Clear,3882.18,3,4.0,Delayed,0.3538104648165651,0.04908699869270021,0.440387862676923
SC11746,2025-09-14,Mumbai,Delhi,34.8,809.89,Bike,Electronics,Rain,5133.26,2,3.0,Delayed,0.025431738121831773,0.8530763716105091,0.5880679521056053
SC11747,2025-02-27,Chennai,Hyderabad,457.5,521.21,Mini Truck,Groceries,Clear,2261.68,4,5.0,Delayed,0.388607268665693,0.5487285455235527,0.2491006668787489
SC11748,2025-01-15,Mumbai,Chennai,737.0,187.85,Van,Pharma,Clear,1002.06,3,6.0,Delayed,0.6287481742417734,0.1972757559144773,0.10041249805968325
SC11749,2025-06-11,Hyderabad,Bengaluru,774.9,301.73,Van,Furniture,Fog,2094.17,2,7.0,Delayed,0.6613111092018216,0.3173364820984271,0.22932743752475196
SC11750,2025-06-12,Mumbai,Delhi,434.7,268.19,Heavy Truck,Pharma,Clear,2813.3,4,4.0,On-Time,0.3690179568691469,0.2819761312360309,0.31421504080419715
SC11751,2025-11-16,Hyderabad,Hyderabad,369.3,504.55,Heavy Truck,Groceries,Clear,3270.43,2,4.0,Delayed,0.31282756250536997,0.5311643402353141,0.3681756182896765
SC11752,2025-10-08,Bengaluru,Mumbai,756.3,49.58,Mini Truck,Pharma,Clear,3138.23,6,4.0,On-Time,0.6453303548414813,0.051501286214312825,0.35257045489287386
SC11753,2025-10-07,Chennai,Bengaluru,540.5,151.03,Bike,Groceries,Fog,3344.42,7,5.0,On-Time,0.4599192370478564,0.15845738624383252,0.37690955202439225
SC11754,2025-01-12,Mumbai,Hyderabad,56.6,772.15,Bike,Furniture,Clear,5073.98,4,3.0,On-Time,0.044161869576424095,0.8132880698351116,0.5810704174145124
SC11755,2025-10-01,Hyderabad,Mumbai,375.3,126.41,Heavy Truck,Furniture,Clear,1145.09,1,4.0,Delayed,0.31798264455709263,0.1325011597014296,0.11729605721735856
SC11756,2025-09-28,Delhi,Chennai,196.0,222.11,Van,Electronics,Fog,1998.9,6,3.0,On-Time,0.1639316092447805,0.23339518407624513,0.21808156825990035
SC11757,2025-07-27,Chennai,Mumbai,378.5,430.98,Mini Truck,Furniture,Clear,5348.36,7,4.0,On-Time,0.3207320216513447,0.45360140007590777,0.6134588041982847
SC11758,2025-01-27,Bengaluru,Hyderabad,367.1,491.51,Van,Apparel,Clear,3428.68,4,3.0,On-Time,0.3109373657530717,0.5174166069244719,0.38685577795339815
SC11759,2025-03-13,Hyderabad,Hyderabad,467.8,725.55,Van,Pharma,Rain,3562.83,6,5.0,On-Time,0.3974568261878169,0.7641589001813351,0.40269112341240776
SC11760,2025-03-01,Bengaluru,Chennai,288.6,425.24,Bike,Pharma,Clear,2946.67,1,3.0,Delayed,0.2434917089097002,0.44754986716147266,0.32995831343832394
SC11761,2025-05-25,Bengaluru,Mumbai,398.2,457.015,Mini Truck,Groceries,Clear,3093.86,4,4.0,On-Time,0.33765787438783407,0.4810494243663813,0.3473329276620408
SC11762,2025-04-03,Mumbai,Mumbai,405.5,587.62,Van,Furniture,Clear,1308.77,4,4.0,On-Time,0.34392989088409665,0.6187428836503185,0.13661718539276438
SC11763,2025-11-05,Mumbai,Chennai,665.0,107.89,Heavy Truck,Electronics,Fog,3349.17,7,7.0,On-Time,0.5668871896211015,0.11297600472314764,0.37747025191951183
SC11764,2025-01-08,Hyderabad,Mumbai,532.9,148.94,Heavy Truck,Electronics,Fog,5983.46,6,5.0,On-Time,0.45338946644900774,0.1562539535276009,0.688427331227856
SC11765,2025-03-20,Delhi,Chennai,274.0,415.46,Bike,Electronics,Clear,3461.38,2,3.0,Delayed,0.23094767591717505,0.437239067178341,0.3907157540734848
SC11766,2025-01-27,Hyderabad,Bengaluru,748.7,377.35,Heavy Truck,Apparel,Clear,409.75,4,5.0,Delayed,0.6388005842426326,0.3970606840129887,0.03049499176951575
SC11767,2025-06-23,Delhi,Hyderabad,730.2,706.5,Heavy Truck,Furniture,Storm,4809.15,2,8.0,Delayed,0.6229057479164878,0.7440749799687936,0.5498093325251385
SC11768,2025-02-19,Bengaluru,Bengaluru,171.4,551.91,Van,Electronics,Clear,2469.38,4,2.0,On-Time,0.1427957728327176,0.5810947581495383,0.2736180075558738
SC11769,2025-07-18,Chennai,Delhi,36.3,369.03,Heavy Truck,Apparel,Clear,1049.01,5,2.0,On-Time,0.026720508634762438,0.38828912410913846,0.10595457386512866
SC11770,2025-12-15,Hyderabad,Delhi,594.3,162.64,Heavy Truck,Pharma,Rain,5195.74,3,6.0,Delayed,0.5061431394449695,0.1706975076962004,0.5954432214628838
SC11771,2025-06-30,Hyderabad,Delhi,663.0,215.88,Van,Groceries,Rain,1308.14,2,6.0,Delayed,0.565168828937194,0.2268270568886265,0.13654281888035905
SC11772,2025-01-24,Delhi,Chennai,774.5,546.94,Bike,Furniture,Rain,5536.49,2,6.0,Delayed,0.66096743706504,0.5758550162358201,0.6356660613075168
SC11773,2025-11-12,Bengaluru,Mumbai,712.4,402.56,Bike,Furniture,Clear,2734.51,7,5.0,On-Time,0.6076123378297105,0.4236389322312656,0.3049145050702026
SC11774,2025-02-15,Bengaluru,Bengaluru,482.4,489.42,Mini Truck,Pharma,Clear,4495.33,1,4.0,Delayed,0.410000859180342,0.5152131742082403,0.5127653659806257
SC11775,2025-01-15,Delhi,Bengaluru,426.4,162.56,Heavy Truck,Furniture,Fog,3349.93,5,4.0,On-Time,0.36188676003093057,0.170613165774048,0.37755996390273094
SC11776,2025-06-02,Bengaluru,Bengaluru,27.1,629.93,Van,Furniture,Rain,1651.27,1,2.0,Delayed,0.0188160494887877,0.6633492177286721,0.17704659888296775
SC11777,2025-08-10,Mumbai,Bengaluru,201.1,809.99,Mini Truck,Furniture,Rain,4075.88,5,4.0,On-Time,0.16831342898874474,0.8531817990131996,0.4632526141894847
SC11778,2025-07-25,Chennai,Delhi,370.4,245.41,Bike,Furniture,Storm,5753.79,5,6.0,Delayed,0.31377266088151906,0.2579597689031333,0.6613166059831991
SC11779,2025-09-30,Hyderabad,Bengaluru,504.7,467.19,Bike,Apparel,Rain,4652.38,6,6.0,On-Time,0.42916058080591124,0.49177666259014047,0.5313038751445278
SC11780,2025-08-24,Chennai,Mumbai,448.0,926.76,Van,Apparel,Clear,3683.51,6,5.0,On-Time,0.38044505541713214,0.976289377134905,0.4169364420109414
SC11781,2025-12-06,Hyderabad,Delhi,595.4,316.91,Mini Truck,Groceries,Rain,5945.17,6,5.0,On-Time,0.5070882378211187,0.33334036182684607,0.6839074998627761
SC11782,2025-08-16,Mumbai,Bengaluru,227.4,565.5,Mini Truck,Furniture,Clear,1702.16,4,4.0,On-Time,0.19090987198212908,0.5954223421751783,0.1830537604961545
SC11783,2025-01-09,Bengaluru,Chennai,454.1,86.14,Van,Pharma,Clear,514.7,7,4.0,On-Time,0.3856860555030502,0.0900455446379623,0.042883508399579544
SC11784,2025-06-15,Delhi,Hyderabad,75.1,575.91,Van,Electronics,Clear,337.97,1,2.0,Delayed,0.06005670590256895,0.60639733479526,0.02202193103863459
SC11785,2025-11-15,Mumbai,Hyderabad,333.9,85.61,Mini Truck,Groceries,Rain,4307.52,3,4.0,Delayed,0.2824125784002062,0.08948677940370262,0.49059588233801243
SC11786,2025-08-02,Chennai,Hyderabad,601.4,911.29,Bike,Electronics,Storm,5006.86,5,7.0,Delayed,0.5122433198728413,0.9599797579386835,0.5731474327912645
SC11787,2025-04-27,Delhi,Delhi,556.3,680.02,Heavy Truck,Electronics,Clear,3865.34,5,4.0,On-Time,0.47349428645072605,0.7161578037363472,0.43840003399612
SC11788,2025-12-10,Bengaluru,Bengaluru,792.6,748.86,Bike,Furniture,Clear,5444.41,7,7.0,On-Time,0.6765186012544034,0.7887340277484925,0.6247967462880192
SC11789,2025-03-13,Mumbai,Delhi,225.9,669.05,Van,Pharma,Clear,4233.16,2,3.0,Delayed,0.18962110146919842,0.7045924176611985,0.48181827303251884
SC11790,2025-03-05,Delhi,Mumbai,401.1,560.45,Mini Truck,Electronics,Rain,2320.08,4,4.0,On-Time,0.34014949737950007,0.5900982583393077,0.25599432453664056
SC11791,2025-07-24,Mumbai,Chennai,267.0,427.69,Mini Truck,Electronics,Rain,1210.36,3,3.0,On-Time,0.2249334135234986,0.45013283852739006,0.12500066398671789
SC11792,2025-07-28,Mumbai,Chennai,1169.1,815.53,Heavy Truck,Groceries,Clear,5559.19,6,3.0,On-Time,1.0,0.8590224771222537,0.6383456165957725
SC11793,2025-03-13,Bengaluru,Hyderabad,686.3,909.02,Mini Truck,Pharma,Rain,756.04,5,7.0,Delayed,0.5851877309047169,0.957586555897609,0.07137178475498299
SC11794,2025-10-04,Hyderabad,Hyderabad,548.9,474.33,Heavy Truck,Pharma,Clear,3326.48,2,4.0,Delayed,0.46713635192026814,0.4993041791422426,0.3747918770520879
SC11795,2025-10-01,Delhi,Hyderabad,706.5,884.99,Bike,Electronics,Clear,1986.95,1,7.0,Delayed,0.6025431738121833,0.9322523510310802,0.21667096536586258
SC11796,2025-11-16,Bengaluru,Bengaluru,166.8,554.37,Bike,Pharma,Clear,1737.78,5,3.0,On-Time,0.13884354325973025,0.5836882722557248,0.18725841949913563
SC11797,2025-12-04,Mumbai,Mumbai,699.3,511.7,Mini Truck,Groceries,Fog,3928.13,2,7.0,Delayed,0.5963570753501161,0.5387023995276853,0.44581189639918534
SC11798,2025-04-05,Bengaluru,Mumbai,52.5,432.03,Mini Truck,Groceries,Clear,1502.74,1,2.0,Delayed,0.04063923017441362,0.45470838780415807,0.15951380826778555
SC11799,2025-06-15,Hyderabad,Mumbai,711.4,199.22,Van,Groceries,Rain,5510.74,4,6.0,Delayed,0.6067531574877567,0.209262851600388,0.6326264776655526
SC11800,2025-02-01,Delhi,Mumbai,266.6,4.03,Van,Furniture,Clear,2525.36,6,3.0,On-Time,0.2245897413867171,0.003479104288786742,0.28022600337246234
SC11801,2025-01-11,Hyderabad,Hyderabad,255.1,229.81,Mini Truck,Electronics,Clear,4112.65,7,2.0,On-Time,0.21470916745424867,0.24151309408341418,0.4675930215881264
SC11802,2025-10-28,Chennai,Chennai,412.1,484.48,Mini Truck,Pharma,Clear,4407.37,1,5.0,Delayed,0.34960048114099157,0.5100050605153292,0.5023823843438424
SC11803,2025-08-05,Delhi,Hyderabad,752.8,361.27,Bike,Groceries,Clear,4145.21,5,5.0,On-Time,0.642323223644643,0.3801079576603551,0.47143647181656734
SC11804,2025-10-16,Hyderabad,Mumbai,43.0,426.34,Mini Truck,Electronics,Clear,5434.89,3,2.0,On-Time,0.03247701692585274,0.4487095685910682,0.6236729856561163
SC11805,2025-04-12,Mumbai,Hyderabad,285.0,931.63,Van,Electronics,Rain,1502.12,1,6.0,Delayed,0.24039865967866658,0.9814236916459327,0.15944062217621202
SC11806,2025-09-24,Delhi,Mumbai,686.0,333.08,Bike,Furniture,Clear,653.42,3,5.0,Delayed,0.5849299768021309,0.3503879728419011,0.05925830617873578
SC11807,2025-08-02,Delhi,Delhi,319.9,429.85,Heavy Truck,Pharma,Rain,474.47,3,4.0,Delayed,0.2703840536128534,0.4524100704255051,0.03813467539312441
SC11808,2025-06-28,Bengaluru,Chennai,163.3,127.27,Van,Pharma,Clear,5285.39,1,2.0,Delayed,0.13583641206289201,0.13340783536456796,0.6060256942202465
SC11809,2025-03-29,Mumbai,Delhi,342.7,46.04,Van,Groceries,Clear,5843.73,7,2.0,On-Time,0.2899733654093995,0.04776915615906886,0.6719333109446849
SC11810,2025-02-10,Chennai,Bengaluru,311.5,736.75,Bike,Groceries,Clear,1919.78,7,3.0,On-Time,0.26316693874044167,0.775966769282672,0.2087420786384554
SC11811,2025-03-17,Hyderabad,Hyderabad,398.2,457.015,Heavy Truck,Electronics,Clear,3093.86,4,9.0,Delayed,0.33765787438783407,0.4810494243663813,0.3473329276620408
SC11812,2025-02-15,Bengaluru,Bengaluru,610.7,722.79,Van,Pharma,Clear,202.14,7,6.0,On-Time,0.5202336970530115,0.7612491038670772,0.005988274879877426
SC11813,2025-06-09,Hyderabad,Hyderabad,398.2,457.015,Mini Truck,Pharma,Clear,3093.86,1,3.0,Delayed,0.33765787438783407,0.4810494243663813,0.3473329276620408
SC11814,2025-03-21,Chennai,Delhi,790.8,543.45,Van,Groceries,Fog,4182.26,7,7.0,On-Time,0.6749720766388866,0.5721755998819215,0.47580993099850033
SC11815,2025-11-06,Chennai,Mumbai,374.9,241.33,Bike,Apparel,Clear,535.44,2,4.0,Delayed,0.3176389724203111,0.25365833087336065,0.045331701204796536
SC11816,2025-03-27,Delhi,Mumbai,51.3,217.04,Bike,Electronics,Rain,2890.78,6,3.0,On-Time,0.03960821376406909,0.22805001475983638,0.32336094140922184
SC11817,2025-04-02,Chennai,Hyderabad,213.5,11.44,Bike,Pharma,Clear,4026.11,3,2.0,On-Time,0.17896726522897158,0.011291274828153335,0.4573776597094631
SC11818,2025-05-28,Hyderabad,Mumbai,351.7,124.26,Van,Furniture,Rain,4630.86,6,5.0,On-Time,0.2977059884869835,0.1302344705435837,0.528763609514428
SC11819,2025-06-10,Mumbai,Delhi,129.7,294.15,Heavy Truck,Furniture,Clear,2804.82,5,2.0,On-Time,0.10696795257324514,0.30934508497448654,0.31321404393880464
SC11820,2025-07-21,Mumbai,Mumbai,758.3,111.48,Mini Truck,Apparel,Fog,3837.16,3,6.0,Delayed,0.6470487155253888,0.11676084847973686,0.4350736080920209
SC11821,2025-08-30,Delhi,Delhi,398.2,457.015,Bike,Groceries,Clear,3093.86,5,6.0,Delayed,0.33765787438783407,0.4810494243663813,0.3473329276620408
SC11822,2025-12-19,Hyderabad,Bengaluru,218.3,293.55,Heavy Truck,Groceries,Clear,455.99,2,4.0,Delayed,0.1830913308703497,0.30871252055834353,0.035953257695901165
SC11823,2025-01-02,Hyderabad,Delhi,474.7,124.24,Mini Truck,Groceries,Clear,4495.41,2,4.0,Delayed,0.40338517054729794,0.13021338506304558,0.5127748093472804
SC11824,2025-08-13,Chennai,Chennai,398.2,457.015,Bike,Furniture,Clear,3093.86,6,5.0,On-Time,0.33765787438783407,0.4810494243663813,0.3473329276620408
SC11825,2025-10-16,Hyderabad,Chennai,753.3,558.52,Mini Truck,Groceries,Rain,336.06,2,7.0,Delayed,0.6427528138156199,0.5880635094673808,0.02179647065975491
SC11826,2025-08-21,Bengaluru,Chennai,705.9,61.31,Mini Truck,Furniture,Clear,2789.33,1,5.0,Delayed,0.6020276656070109,0.06386792054990933,0.3113855720702988
SC11827,2025-03-18,Chennai,Hyderabad,414.6,819.38,Heavy Truck,Apparel,Clear,5213.98,3,4.0,Delayed,0.351748431995876,0.8630814321258382,0.597596309060143
SC11828,2025-04-26,Bengaluru,Hyderabad,620.8,913.44,Mini Truck,Electronics,Clear,1032.35,5,5.0,On-Time,0.5289114185067446,0.9622464470965295,0.1039879927592986
SC11829,2025-06-03,Delhi,Hyderabad,451.9,234.79,Bike,Pharma,Clear,225.22,7,5.0,On-Time,0.38379585875075184,0.24676337873740142,0.00871268615974281
SC11830,2025-04-13,Mumbai,Delhi,444.4,427.87,Heavy Truck,Apparel,Clear,793.38,6,5.0,On-Time,0.37735200618609854,0.450322607852233,0.07577947614103905
SC11831,2025-07-13,Delhi,Hyderabad,96.2,21.52,Van,Furniture,Clear,2277.41,6,1.0,On-Time,0.07818541111779365,0.021918357019356474,0.25095746884721876
SC11832,2025-06-15,Mumbai,Bengaluru,105.3,608.85,Van,Apparel,Rain,3544.01,2,2.0,On-Time,0.08600395222957301,0.6411251212415132,0.4004695714069023
SC11833,2025-12-25,Delhi,Chennai,426.0,393.52,Heavy Truck,Pharma,Storm,1279.12,2,6.0,Delayed,0.3615430878941491,0.4141082950280437,0.13311723762638616
SC11834,2025-03-31,Hyderabad,Delhi,218.7,256.92,Van,Electronics,Clear,4841.49,5,2.0,On-Time,0.1834350030071312,0.2700944629528107,0.5536268134952792
SC11835,2025-06-23,Bengaluru,Chennai,21.7,196.89,Mini Truck,Pharma,Rain,4556.79,3,2.0,On-Time,0.014176475642237306,0.20680639311769916,0.5200202324130576
SC11836,2025-05-02,Mumbai,Hyderabad,579.7,621.49,Bike,Furniture,Clear,4220.8,3,4.0,Delayed,0.49359910645244454,0.6544511449415933,0.4803592728843761
SC11837,2025-05-23,Chennai,Delhi,30.8,395.7,Mini Truck,Pharma,Clear,3001.7,6,2.0,On-Time,0.02199501675401667,0.41640661240669674,0.33645416927588856
SC11838,2025-04-16,Bengaluru,Mumbai,478.2,171.09,Heavy Truck,Apparel,Clear,2286.52,5,4.0,On-Time,0.40639230174413615,0.17960612322354827,0.25203283222501655
SC11839,2025-11-01,Chennai,Bengaluru,433.7,654.81,Bike,Groceries,Clear,2347.18,6,5.0,On-Time,0.36815877652719314,0.6895795555180703,0.2591932649909019
SC11840,2025-12-26,Bengaluru,Hyderabad,775.2,537.04,Heavy Truck,Apparel,Clear,3092.96,7,7.0,On-Time,0.6615688633044077,0.5654177033694598,0.3472266897871761
SC11841,2025-11-13,Bengaluru,Hyderabad,389.9,815.81,Heavy Truck,Furniture,Fog,602.29,4,6.0,Delayed,0.33052667754961773,0.8593176738497871,0.053222814465585126
SC11842,2025-05-03,Delhi,Bengaluru,398.2,457.015,Heavy Truck,Electronics,Clear,3093.86,3,3.0,On-Time,0.33765787438783407,0.4810494243663813,0.3473329276620408
SC11843,2025-01-09,Mumbai,Bengaluru,443.6,746.49,Mini Truck,Pharma,Clear,2206.32,5,5.0,On-Time,0.37666466191253556,0.7862353983047274,0.24256585715373388
SC11844,2025-09-19,Mumbai,Mumbai,673.7,640.0,Bike,Electronics,Clear,1464.84,7,5.0,On-Time,0.5743620585960995,0.6739657571796062,0.15504001331514697
SC11845,2025-03-14,Bengaluru,Hyderabad,797.5,109.7,Van,Furniture,Storm,1778.21,5,8.0,Delayed,0.6807285849299769,0.11488424071184583,0.19203086092222738
SC11846,2025-12-25,Hyderabad,Hyderabad,347.1,660.23,Bike,Pharma,Clear,1204.72,6,3.0,On-Time,0.29375375891399613,0.6952937207438958,0.12433490663756536
SC11847,2025-08-11,Hyderabad,Chennai,259.6,419.75,Mini Truck,Apparel,Rain,5424.17,2,4.0,Delayed,0.2185754789930407,0.44176190275376376,0.6224075745243938
SC11848,2025-02-10,Chennai,Delhi,725.8,897.76,Van,Apparel,Clear,1138.87,5,7.0,Delayed,0.6191253544118911,0.9457154303546579,0.11656183545995982
SC11849,2025-07-23,Chennai,Delhi,157.0,134.96,Mini Truck,Furniture,Clear,5315.12,6,3.0,On-Time,0.13042357590858322,0.141515202631468,0.6095350853532793
SC11850,2025-09-21,Delhi,Chennai,494.3,610.87,Mini Truck,Pharma,Clear,3497.62,1,4.0,Delayed,0.420225105249592,0.6432547547758615,0.3949935991680394
SC11851,2025-11-24,Bengaluru,Delhi,327.5,363.19,Heavy Truck,Apparel,Fog,5224.59,2,5.0,Delayed,0.2769138242117021,0.3821321637920128,0.5988487355627156
SC11852,2025-06-27,Chennai,Bengaluru,37.7,909.0,Bike,Furniture,Fog,2923.28,2,3.0,Delayed,0.02792336111349773,0.957565470417071,0.3271973091126718
SC11853,2025-12-14,Chennai,Delhi,281.1,313.81,Bike,Furniture,Clear,5576.66,3,3.0,On-Time,0.23704785634504688,0.3300721123434403,0.6404078117889809
SC11854,2025-11-14,Bengaluru,Delhi,215.9,914.1,Van,Electronics,Rain,1387.22,4,4.0,On-Time,0.18102929804966064,0.9629422679542868,0.14587758681847665
SC11855,2025-03-25,Delhi,Chennai,550.4,856.46,Van,Apparel,Clear,3394.95,3,5.0,Delayed,0.4684251224331988,0.9021739130434784,0.38287421848763303
SC11856,2025-11-14,Chennai,Mumbai,759.3,257.23,Heavy Truck,Pharma,Clear,886.16,1,6.0,Delayed,0.6479078958673425,0.2704212879011513,0.08673142061876479
SC11857,2025-04-21,Delhi,Delhi,218.1,763.46,Bike,Apparel,Rain,2766.24,6,4.0,On-Time,0.18291949480195896,0.8041264285413066,0.30865998036960157
SC11858,2025-09-08,Mumbai,Delhi,650.1,945.83,Van,Apparel,Clear,3483.94,2,6.0,Delayed,0.5540854025259903,0.9963943828279848,0.393378783470095
SC11859,2025-01-07,Delhi,Mumbai,49.0,240.4,Van,Apparel,Clear,3693.2,2,2.0,On-Time,0.0376320989775754,0.2526778560283389,0.4180802697969853
SC11860,2025-03-25,Hyderabad,Chennai,432.8,415.22,Bike,Furniture,Clear,2288.34,7,4.0,On-Time,0.3673855142194348,0.43698604141188385,0.25224766881640975
SC11861,2025-07-27,Hyderabad,Mumbai,61.1,494.41,Mini Truck,Groceries,Storm,596.56,5,4.0,On-Time,0.04802818111521609,0.5204740016024967,0.0525464333289461
SC11862,2025-11-10,Delhi,Chennai,747.6,280.54,Van,Groceries,Fog,3983.66,4,7.0,Delayed,0.6378554858664834,0.29499641546830857,0.45236677327834146
SC11863,2025-01-22,Hyderabad,Bengaluru,614.2,14.99,Bike,Electronics,Rain,3007.33,4,6.0,Delayed,0.5232408282498497,0.015033947623666347,0.3371187462042093
SC11864,2025-01-03,Mumbai,Chennai,528.1,209.51,Van,Apparel,Clear,950.74,5,4.0,On-Time,0.4492654008076296,0.22011133133724117,0.09435457835072783
SC11865,2025-05-07,Bengaluru,Bengaluru,660.0,268.2,Heavy Truck,Groceries,Rain,5624.87,1,5.0,Delayed,0.5625912879113326,0.2819866739762999,0.646098620619237
SC11866,2025-10-24,Hyderabad,Bengaluru,519.8,421.7,Van,Electronics,Clear,5740.66,4,4.0,On-Time,0.4421342039694132,0.4438177371062287,0.6597667134310053
SC11867,2025-07-07,Hyderabad,Chennai,775.3,162.96,Bike,Furniture,Storm,5161.15,2,7.0,Delayed,0.661654781338603,0.17103487538481005,0.5913601458055812
SC11868,2025-12-28,Delhi,Hyderabad,572.6,829.66,Van,Apparel,Clear,5086.63,1,6.0,Delayed,0.4874989260245727,0.8739193691224224,0.5825636497667784
SC11869,2025-01-14,Mumbai,Chennai,740.1,669.81,Heavy Truck,Pharma,Clear,727.23,3,5.0,Delayed,0.6314116333018301,0.7053936659216464,0.06797099233847859
SC11870,2025-01-12,Bengaluru,Delhi,416.1,81.4,Heavy Truck,Furniture,Clear,5961.51,3,4.0,Delayed,0.3530372025088067,0.08504828575043226,0.6858363075019875
SC11871,2025-03-28,Delhi,Delhi,98.1,617.76,Van,Electronics,Rain,2492.23,1,4.0,Delayed,0.07981785376750582,0.6505187028212374,0.27631526915660704
SC11872,2025-01-12,Delhi,Hyderabad,424.9,621.15,Van,Furniture,Rain,1104.26,2,3.0,Delayed,0.3605979895179999,0.6540926917724456,0.11247639896099357
SC11873,2025-01-25,Mumbai,Bengaluru,105.9,908.43,Heavy Truck,Pharma,Clear,4900.8,7,3.0,On-Time,0.08651946043474527,0.956964534221735,0.5606278894488674
SC11874,2025-10-28,Bengaluru,Hyderabad,476.0,3.37,Heavy Truck,Furniture,Clear,1470.52,3,4.0,Delayed,0.40450210499183786,0.0027832834310293933,0.15571049234762685
SC11875,2025-08-31,Mumbai,Delhi,388.6,235.91,Mini Truck,Electronics,Rain,3228.13,6,4.0,On-Time,0.32940974310507787,0.2479441656475351,0.3631824381710324
SC11876,2025-05-02,Bengaluru,Hyderabad,499.9,881.44,Mini Truck,Pharma,Clear,898.89,2,4.0,Delayed,0.4250365151645331,0.9285096782355672,0.08823409633768534
SC11877,2025-05-27,Mumbai,Chennai,13.0,885.56,Heavy Truck,Pharma,Rain,2926.68,5,2.0,On-Time,0.0067016066672394535,0.9328532872264159,0.3275986521954942
SC11878,2025-02-24,Delhi,Hyderabad,159.9,684.7,Van,Furniture,Fog,3415.13,4,3.0,On-Time,0.1329151989002492,0.721091806182263,0.3852563077262675
SC11879,2025-08-26,Delhi,Bengaluru,395.6,727.59,Bike,Pharma,Clear,2758.66,7,5.0,On-Time,0.3354240054987543,0.7663096191962216,0.30776522137907386
SC11880,2025-12-22,Chennai,Chennai,760.7,87.36,Van,Furniture,Clear,556.5,7,5.0,On-Time,0.649110748346078,0.09133175895078649,0.047817667476632096
SC11881,2025-06-22,Hyderabad,Mumbai,310.0,488.43,Van,Apparel,Clear,2986.89,1,4.0,Delayed,0.26187816822751103,0.5141694429216043,0.3347059660239472
SC11882,2025-08-09,Mumbai,Delhi,342.4,220.39,Mini Truck,Pharma,Clear,2893.32,4,3.0,On-Time,0.28971561130681334,0.23158183274996838,0.3236607683005069
SC11883,2025-04-29,Chennai,Delhi,573.2,172.57,Mini Truck,Furniture,Clear,1680.48,5,4.0,On-Time,0.48801443422974494,0.18116644878336777,0.1804946081327454
SC11884,2025-11-05,Hyderabad,Hyderabad,485.0,769.88,Mini Truck,Apparel,Rain,5541.37,3,4.0,Delayed,0.41223472806942185,0.8108948677940371,0.6362421066734502
SC11885,2025-07-02,Mumbai,Chennai,242.6,128.72,Heavy Truck,Pharma,Clear,2594.09,7,2.0,On-Time,0.20396941317982648,0.13493653270358033,0.28833903574963515
SC11886,2025-10-15,Bengaluru,Mumbai,398.2,457.015,Heavy Truck,Apparel,Clear,3093.86,6,4.0,On-Time,0.33765787438783407,0.4810494243663813,0.3473329276620408
SC11887,2025-11-03,Hyderabad,Chennai,178.1,891.68,Van,Pharma,Rain,791.53,2,4.0,Delayed,0.1485522811238079,0.939305444271075,0.07556109828715035
SC11888,2025-10-27,Delhi,Delhi,773.0,176.95,Van,Electronics,Rain,2015.43,7,6.0,On-Time,0.6596786665521094,0.185784169021212,0.22003280389491658
SC11889,2025-03-23,Chennai,Chennai,108.9,929.1,Bike,Electronics,Fog,1181.54,7,5.0,On-Time,0.0890970014606066,0.9787563783578629,0.12159869114938165
SC11890,2025-07-30,Hyderabad,Mumbai,300.6,944.58,Van,Furniture,Clear,2539.2,2,4.0,Delayed,0.25380187301314555,0.9950765402943534,0.2818597058037161
SC11891,2025-05-30,Hyderabad,Hyderabad,25.5,528.06,Van,Groceries,Rain,803.07,5,2.0,On-Time,0.017441360941661658,0.5559503226078523,0.07692330392708305
SC11892,2025-02-06,Delhi,Bengaluru,181.3,162.05,Mini Truck,Electronics,Fog,2730.05,1,4.0,Delayed,0.15130165821806,0.17007548602032643,0.3043880373792061
SC11893,2025-12-18,Mumbai,Chennai,625.5,300.64,Mini Truck,Groceries,Clear,2220.14,7,5.0,On-Time,0.5329495661139274,0.3161873234091005,0.244197198743324
SC11894,2025-11-08,Bengaluru,Bengaluru,1169.1,403.56,Mini Truck,Apparel,Clear,1456.39,7,3.0,On-Time,1.0,0.42469320625817064,0.15404255771225
SC11895,2025-12-27,Delhi,Delhi,68.7,294.2,Mini Truck,Apparel,Clear,3906.75,4,2.0,On-Time,0.05455795171406479,0.30939779867583184,0.4432881566607311
SC11896,2025-02-28,Bengaluru,Hyderabad,382.2,266.96,Mini Truck,Groceries,Fog,5712.83,6,5.0,On-Time,0.32391098891657366,0.28067937418293765,0.6564816022560204
SC11897,2025-05-11,Mumbai,Hyderabad,12.9,923.63,Bike,Furniture,Clear,1361.61,3,3.0,On-Time,0.006615688633044077,0.9729894994306921,0.14285452906815807
SC11898,2025-07-21,Hyderabad,Chennai,72.4,146.12,Bike,Pharma,Fog,4313.98,1,3.0,Delayed,0.05773691897929377,0.1532809007717286,0.49135843419537495
SC11899,2025-08-31,Bengaluru,Hyderabad,647.1,696.79,Bike,Groceries,Rain,4492.93,6,7.0,Delayed,0.551507861500129,0.7338379791675453,0.5124820649809865
SC11900,2025-02-04,Chennai,Chennai,618.3,0.89,Mini Truck,Groceries,Clear,3064.01,6,5.0,On-Time,0.5267634676518601,0.0001686838443048118,0.343809371479026
SC11901,2025-04-03,Chennai,Chennai,732.5,566.58,Heavy Truck,Groceries,Clear,5401.36,5,6.0,Delayed,0.6248818627029814,0.5965609581242358,0.6197150346069877
SC11902,2025-07-26,Delhi,Bengaluru,684.3,870.19,Mini Truck,Groceries,Clear,5803.38,5,6.0,Delayed,0.5834693702208094,0.9166490954328851,0.6671703128882478
SC11903,2025-12-19,Mumbai,Hyderabad,548.1,273.89,Mini Truck,Groceries,Clear,2269.14,2,3.0,Delayed,0.46644900764670516,0.28798549318938976,0.24998126081929464
SC11904,2025-11-28,Delhi,Chennai,46.6,176.66,Bike,Furniture,Rain,3958.54,3,3.0,On-Time,0.035570066156886335,0.18547842955340954,0.44940155614878263
SC11905,2025-11-01,Delhi,Bengaluru,627.4,619.27,Mini Truck,Electronics,Rain,4023.94,1,5.0,Delayed,0.5345820087636395,0.6521106566018641,0.45712150838895577
SC11906,2025-12-16,Delhi,Mumbai,677.2,677.12,Bike,Pharma,Clear,2511.27,2,5.0,Delayed,0.5773691897929376,0.7131004090583225,0.2785627904204128
SC11907,2025-08-01,Chennai,Bengaluru,640.3,653.78,Mini Truck,Electronics,Rain,2003.23,7,6.0,On-Time,0.5456654351748432,0.688493653270358,0.21859269048008306
SC11908,2025-06-08,Chennai,Bengaluru,409.2,303.69,Van,Groceries,Clear,5612.4,3,3.0,On-Time,0.3471088581493256,0.31940285919116096,0.644626635841944
SC11909,2025-01-24,Delhi,Chennai,190.2,239.97,Heavy Truck,Electronics,Clear,4771.39,4,3.0,On-Time,0.1589483632614486,0.2522245181967697,0.5453520634641457
SC11910,2025-10-20,Chennai,Delhi,398.2,457.015,Heavy Truck,Furniture,Clear,3093.86,4,6.0,Delayed,0.33765787438783407,0.4810494243663813,0.3473329276620408
SC11911,2025-01-04,Mumbai,Delhi,583.1,877.17,Bike,Apparel,Clear,851.32,2,5.0,Delayed,0.4965203196150873,0.9240079281406824,0.08261883444066645
SC11912,2025-08-08,Delhi,Delhi,784.7,434.72,Van,Electronics,Storm,5546.88,1,7.0,Delayed,0.6697310765529686,0.45754438493653277,0.636892518551789
SC11913,2025-12-30,Chennai,Bengaluru,128.8,803.96,Heavy Truck,Pharma,Rain,626.25,3,3.0,On-Time,0.10619469026548675,0.8468245266309621,0.056051102778651614
SC11914,2025-01-20,Bengaluru,Chennai,184.4,429.98,Bike,Furniture,Clear,4177.26,4,3.0,On-Time,0.1539651172781167,0.4525471260490027,0.47521972058258494
SC11915,2025-06-01,Delhi,Hyderabad,173.4,403.46,Mini Truck,Apparel,Clear,1476.54,4,1.0,On-Time,0.14451413351662515,0.4245877788554801,0.15642110568838896
SC11916,2025-02-19,Delhi,Bengaluru,635.1,149.35,Mini Truck,Furniture,Clear,355.83,1,4.0,Delayed,0.5411976973966837,0.15668620587863197,0.02413016264428431
SC11917,2025-06-26,Mumbai,Bengaluru,153.6,405.37,Van,Groceries,Clear,498.88,2,1.0,On-Time,0.12750236274594037,0.42660144224686886,0.04101608264362328
SC11918,2025-04-06,Hyderabad,Chennai,58.0,510.78,Heavy Truck,Apparel,Rain,2335.1,5,3.0,On-Time,0.04536472205515939,0.5377324674229327,0.25776731662605035
SC11919,2025-04-15,Hyderabad,Mumbai,798.9,21.87,Mini Truck,Pharma,Fog,603.89,7,6.0,On-Time,0.6819314374087121,0.02228735292877325,0.05341168179867805
SC11920,2025-09-07,Mumbai,Bengaluru,24.7,422.19,Bike,Apparel,Rain,3640.34,6,3.0,On-Time,0.016754016668098635,0.44433433137941214,0.411840565279928
SC11921,2025-04-27,Mumbai,Mumbai,669.0,742.4,Mini Truck,Pharma,Clear,3936.44,7,6.0,On-Time,0.5703239109889167,0.7819234175346856,0.4467928261104367
SC11922,2025-12-20,Mumbai,Mumbai,295.5,646.2,Mini Truck,Groceries,Clear,2334.79,3,4.0,Delayed,0.24942005326918124,0.6805022561464177,0.2577307235802636
SC11923,2025-08-16,Hyderabad,Delhi,674.1,603.58,Heavy Truck,Pharma,Clear,4495.84,4,5.0,Delayed,0.5747057307328809,0.6355690971197235,0.5128255674430492
SC11924,2025-03-07,Mumbai,Chennai,445.9,864.12,Heavy Truck,Furniture,Clear,3016.75,6,5.0,On-Time,0.3786407766990292,0.9102496520895712,0.33823070262779387
SC11925,2025-12-01,Chennai,Mumbai,721.8,17.62,Bike,Electronics,Clear,2666.84,6,6.0,On-Time,0.615688633044076,0.017806688314426687,0.2969265973012039
SC11926,2025-09-19,Delhi,Chennai,398.2,457.015,Van,Furniture,Clear,3093.86,5,6.0,Delayed,0.33765787438783407,0.4810494243663813,0.3473329276620408
SC11927,2025-10-22,Delhi,Delhi,12.2,748.09,Van,Furniture,Clear,2671.97,6,2.0,On-Time,0.006014262393676433,0.7879222367477756,0.297532153187933
SC11928,2025-08-31,Bengaluru,Chennai,65.0,514.5,Mini Truck,Apparel,Rain,5812.14,1,2.0,Delayed,0.05137898444883582,0.5416543668030195,0.6682043615369316
SC11929,2025-07-05,Bengaluru,Bengaluru,204.0,308.04,Bike,Groceries,Rain,4136.23,2,4.0,Delayed,0.1708050519804107,0.3239889512081981,0.47037645390958327
SC11930,2025-09-03,Delhi,Mumbai,537.1,129.87,Van,Electronics,Clear,1993.98,3,4.0,Delayed,0.4569980238852136,0.13614894783452117,0.2175008012106396
SC11931,2025-05-05,Chennai,Chennai,711.2,843.24,Van,Pharma,Rain,4443.08,1,7.0,Delayed,0.606581321419366,0.8882364104077933,0.5065976671343101
SC11932,2025-09-25,Hyderabad,Hyderabad,370.7,447.49,Mini Truck,Apparel,Clear,2082.06,2,4.0,Delayed,0.3140304149841052,0.47100746426011053,0.2278979478974049
SC11933,2025-05-11,Hyderabad,Chennai,487.5,834.27,Bike,Groceries,Clear,885.43,1,5.0,Delayed,0.4143826789243063,0.8787795723864548,0.08664524989804115
SC11934,2025-08-25,Chennai,Mumbai,154.9,556.77,Van,Electronics,Rain,2930.86,4,3.0,On-Time,0.1286192971904803,0.586218529920297,0.3280920681031995
SC11935,2025-01-18,Hyderabad,Delhi,644.9,640.65,Heavy Truck,Furniture,Clear,4543.49,4,6.0,Delayed,0.5496176647478306,0.6746510352970945,0.5184502727067227
SC11936,2025-02-09,Mumbai,Delhi,774.0,764.15,Heavy Truck,Groceries,Fog,2359.31,5,8.0,Delayed,0.6605378468940631,0.804853877619871,0.2606251154599126
SC11937,2025-01-21,Delhi,Mumbai,1169.1,626.37,Mini Truck,Groceries,Clear,5234.67,1,3.0,Delayed,1.0,0.65959600219289,0.6000385997612009
SC11938,2025-08-13,Delhi,Bengaluru,398.4,378.45,Mini Truck,Groceries,Clear,2413.67,7,3.0,On-Time,0.33782971045622484,0.39822038544258426,0.26704188310174465
SC11939,2025-12-21,Chennai,Bengaluru,73.5,488.19,Mini Truck,Furniture,Clear,2196.56,6,2.0,On-Time,0.058682017355442914,0.513916417155147,0.24141376642186704
SC11940,2025-10-09,Hyderabad,Delhi,449.5,762.99,Mini Truck,Pharma,Rain,5989.73,4,6.0,Delayed,0.3817338259300628,0.8036309197486612,0.6891674550894139
SC11941,2025-01-08,Bengaluru,Delhi,404.7,355.28,Van,Apparel,Rain,2972.46,2,4.0,Delayed,0.3432425466105336,0.37379285623919367,0.3330026187636154
SC11942,2025-04-10,Bengaluru,Mumbai,119.8,369.02,Bike,Pharma,Rain,4860.54,5,3.0,On-Time,0.09846206718790276,0.3882785813688694,0.5558755151799168
SC11943,2025-08-28,Hyderabad,Bengaluru,356.4,91.36,Mini Truck,Electronics,Rain,4859.18,6,4.0,On-Time,0.3017441360941662,0.09554885505840678,0.5557149779467879
SC11944,2025-03-28,Bengaluru,Delhi,270.6,868.9,Mini Truck,Apparel,Clear,5569.26,3,5.0,Delayed,0.22802646275453223,0.9152890819381775,0.6395343003734262
SC11945,2025-10-25,Chennai,Bengaluru,419.9,86.94,Van,Electronics,Clear,646.64,1,4.0,Delayed,0.356302087808231,0.09088896385948636,0.05845798085475453
SC11946,2025-01-14,Chennai,Delhi,470.6,615.97,Mini Truck,Furniture,Rain,1736.64,7,5.0,On-Time,0.3998625311452875,0.6486315523130773,0.18712385152430694
SC11947,2025-11-30,Hyderabad,Chennai,11.8,392.83,Mini Truck,Pharma,Clear,4641.33,4,2.0,On-Time,0.005670590256894923,0.4133808459494792,0.5299995101253548
SC11948,2025-01-02,Bengaluru,Hyderabad,610.0,385.64,Bike,Groceries,Storm,3441.22,7,7.0,On-Time,0.5196322708136438,0.4058006156960317,0.38833602567651393
SC11949,2025-10-20,Chennai,Chennai,571.8,645.73,Heavy Truck,Apparel,Clear,3423.75,6,6.0,On-Time,0.4868115817510096,0.6800067473537723,0.38627383048330566
SC11950,2025-11-21,Chennai,Delhi,296.2,64.21,Mini Truck,Groceries,Clear,1122.36,2,2.0,On-Time,0.2500214795085489,0.06692531522793405,0.11461296066660723
SC11951,2025-02-10,Mumbai,Hyderabad,47.1,564.22,Van,Electronics,Clear,1794.75,1,2.0,Delayed,0.03599965632786323,0.5940728714207398,0.19398327697807546
SC11952,2025-11-14,Mumbai,Hyderabad,605.2,733.54,Bike,Groceries,Fog,3199.8,7,7.0,On-Time,0.5155082051722657,0.7725825496563067,0.3598383059544559
SC11953,2025-11-12,Chennai,Delhi,764.4,786.89,Van,Groceries,Fog,1771.51,2,8.0,Delayed,0.6522897156113069,0.8288280689916924,0.19123997896490078
SC11954,2025-04-21,Hyderabad,Delhi,195.9,162.42,Bike,Furniture,Clear,1380.15,5,2.0,On-Time,0.16384569121058512,0.17046556741028127,0.14504302929037233
SC11955,2025-01-14,Delhi,Bengaluru,262.2,852.6,Bike,Furniture,Clear,663.37,4,3.0,On-Time,0.22080934788212048,0.8981044152996248,0.06043282490640738
SC11956,2025-08-19,Delhi,Delhi,151.1,623.51,Mini Truck,Pharma,Clear,1061.0,4,2.0,On-Time,0.12535441189105595,0.6565807784759415,0.10736989844249373
SC11957,2025-03-25,Chennai,Mumbai,463.7,837.82,Mini Truck,Electronics,Clear,4647.88,5,4.0,On-Time,0.39393418678580644,0.8825222451819679,0.530772685770204
SC11958,2025-05-10,Chennai,Delhi,128.1,461.27,Mini Truck,Furniture,Storm,4354.86,2,4.0,Delayed,0.1055932640261191,0.4855353603508624,0.4961839945558991
SC11959,2025-08-19,Chennai,Mumbai,288.2,515.16,Heavy Truck,Furniture,Clear,418.13,7,3.0,On-Time,0.24314803677291866,0.5423501876607768,0.03148418442658992
SC11960,2025-11-22,Hyderabad,Delhi,398.2,457.015,Heavy Truck,Pharma,Clear,3093.86,1,5.0,Delayed,0.33765787438783407,0.4810494243663813,0.3473329276620408
SC11961,2025-05-25,Mumbai,Bengaluru,450.3,854.96,Van,Apparel,Clear,3428.66,2,3.0,Delayed,0.3824211702036258,0.9005925020031208,0.3868534171117345
SC11962,2025-12-11,Chennai,Mumbai,1169.1,426.03,Mini Truck,Pharma,Clear,8622.965,1,3.0,Delayed,1.0,0.4483827436427276,1.0
SC11963,2025-01-28,Chennai,Chennai,339.1,261.05,Heavy Truck,Groceries,Rain,4966.01,6,4.0,On-Time,0.2868803161783659,0.27444861468392867,0.5683254136932359
SC11964,2025-03-07,Bengaluru,Mumbai,451.9,373.82,Mini Truck,Groceries,Clear,4742.19,5,5.0,On-Time,0.38379585875075184,0.39333909669801376,0.5419052346351998
SC11965,2025-06-12,Hyderabad,Bengaluru,9.7,368.68,Heavy Truck,Furniture,Clear,5365.75,3,2.0,On-Time,0.0038663115387919927,0.3879201281997217,0.6155115560248384
SC11966,2025-08-17,Chennai,Mumbai,67.4,272.88,Heavy Truck,Furniture,Storm,3443.15,1,4.0,Delayed,0.05344101726952488,0.2869206764222157,0.3885638468970573
SC11967,2025-09-18,Bengaluru,Delhi,705.6,255.52,Bike,Pharma,Clear,2209.65,4,5.0,Delayed,0.6017699115044248,0.2686184793151436,0.2429589372907335
SC11968,2025-06-13,Delhi,Delhi,66.9,818.08,Mini Truck,Pharma,Rain,3695.48,6,2.0,On-Time,0.053011427098548,0.8617108758908617,0.41834940574664276
SC11969,2025-10-28,Chennai,Bengaluru,566.9,66.83,Mini Truck,Electronics,Clear,671.45,4,4.0,On-Time,0.4826015980754361,0.06968751317842534,0.061386604938526636
SC11970,2025-10-30,Chennai,Hyderabad,736.4,643.89,Heavy Truck,Groceries,Clear,206.08,6,6.0,On-Time,0.6282326660366011,0.6780668831442669,0.006453360687618745
SC11971,2025-10-14,Bengaluru,Delhi,220.2,164.59,Mini Truck,Pharma,Clear,250.0,4,3.0,On-Time,0.18472377352006186,0.1727533420486653,0.011637768981019425
SC11972,2025-01-10,Hyderabad,Chennai,299.5,327.61,Heavy Truck,Apparel,Clear,2534.13,2,3.0,Delayed,0.25285677463699635,0.34462109391473034,0.2812612324419779
SC11973,2025-07-14,Chennai,Bengaluru,457.3,58.94,Mini Truck,Electronics,Clear,1484.25,7,4.0,On-Time,0.3884354325973023,0.06136929110614431,0.15733121014973048
SC11974,2025-04-28,Delhi,Mumbai,706.0,256.84,Bike,Pharma,Clear,1070.43,2,6.0,Delayed,0.6021135836412064,0.2700101210306583,0.10848303528691014
SC11975,2025-09-27,Chennai,Mumbai,753.8,730.12,Mini Truck,Furniture,Clear,3749.66,2,7.0,Delayed,0.6431824039865969,0.7689769324842914,0.42474492581350176
SC11976,2025-03-21,Delhi,Chennai,593.0,840.82,Bike,Pharma,Clear,5971.31,7,5.0,On-Time,0.5050262050004296,0.885685067262683,0.6869931199171817
SC11977,2025-04-03,Mumbai,Delhi,398.2,457.015,Van,Furniture,Clear,3093.86,6,3.0,On-Time,0.33765787438783407,0.4810494243663813,0.3473329276620408
SC11978,2025-09-23,Mumbai,Bengaluru,537.0,440.64,Mini Truck,Furniture,Fog,3346.57,6,6.0,On-Time,0.4569121058510182,0.46378568717581076,0.37716334250323585
SC11979,2025-11-28,Delhi,Chennai,331.2,447.07,Mini Truck,Groceries,Clear,850.41,7,3.0,On-Time,0.28009279147693106,0.4705646691688104,0.08251141614496985
SC11980,2025-12-16,Hyderabad,Delhi,379.2,829.96,Mini Truck,Groceries,Clear,5615.28,4,3.0,On-Time,0.32133344789071233,0.874235651330494,0.6449665970415113
SC11981,2025-12-27,Chennai,Bengaluru,44.1,724.78,Bike,Pharma,Rain,1856.77,1,2.0,Delayed,0.0334221153020019,0.7633471091806183,0.2013042469770898
SC11982,2025-09-14,Chennai,Mumbai,156.9,487.67,Mini Truck,Pharma,Rain,5288.29,6,3.0,On-Time,0.13033765787438786,0.5133681946611565,0.6063680162614774
SC11983,2025-05-13,Chennai,Bengaluru,633.5,637.37,Mini Truck,Apparel,Clear,1806.0,4,5.0,Delayed,0.5398230088495576,0.6711930164888459,0.19531125041388506
SC11984,2025-10-03,Delhi,Hyderabad,365.9,805.06,Heavy Truck,Electronics,Clear,4865.41,1,3.0,Delayed,0.3099063493427271,0.8479842280605575,0.5564503801250184
SC11985,2025-09-21,Chennai,Bengaluru,244.8,9.56,Van,Electronics,Clear,1374.88,7,2.0,On-Time,0.2058596099321248,0.009309239657571796,0.14442094751199752
SC11986,2025-06-20,Chennai,Hyderabad,310.3,383.04,Bike,Pharma,Clear,1862.82,2,3.0,Delayed,0.26213592233009714,0.4030595032260786,0.2020184015803474
SC11987,2025-01-01,Hyderabad,Bengaluru,684.2,861.93,Heavy Truck,Groceries,Fog,1275.98,6,7.0,Delayed,0.583383452186614,0.907940791970649,0.13274658548519133
SC11988,2025-11-09,Bengaluru,Hyderabad,600.5,703.43,Bike,Apparel,Rain,1695.92,3,6.0,Delayed,0.511470057565083,0.740838358706195,0.1823171778970921
SC11989,2025-03-05,Mumbai,Mumbai,221.5,515.93,Heavy Truck,Electronics,Rain,5033.96,2,3.0,Delayed,0.18584070796460178,0.5431619786614937,0.5763463732455258
SC11990,2025-10-11,Mumbai,Delhi,98.4,503.4,Van,Pharma,Clear,3888.34,5,2.0,On-Time,0.08007560787009195,0.5299519251043732,0.44111500190933073
SC11991,2025-05-01,Bengaluru,Hyderabad,205.3,330.71,Heavy Truck,Groceries,Clear,2524.4,1,2.0,Delayed,0.17192198642495063,0.34788934339813604,0.2801126829726066
SC11992,2025-04-17,Chennai,Hyderabad,737.0,494.73,Bike,Groceries,Fog,5833.4,3,7.0,Delayed,0.6287481742417734,0.5208113692911063,0.6707139362254038
SC11993,2025-06-24,Hyderabad,Mumbai,467.4,622.79,Mini Truck,Groceries,Clear,2869.44,2,4.0,Delayed,0.39711315405103537,0.6558217011765699,0.320841923354095
SC11994,2025-07-23,Hyderabad,Hyderabad,429.1,397.74,Mini Truck,Furniture,Clear,5823.1,6,5.0,On-Time,0.3642065469542058,0.41855733142158313,0.6694981027686181
SC11995,2025-06-14,Mumbai,Chennai,479.1,678.59,Van,Groceries,Clear,1300.03,3,4.0,Delayed,0.4071655640518946,0.714650191877873,0.13558549758574429
SC11996,2025-11-01,Hyderabad,Mumbai,296.0,818.24,Bike,Pharma,Clear,5442.13,4,5.0,Delayed,0.24984964344015811,0.8618795597351665,0.6245276103383618
SC11997,2025-04-30,Bengaluru,Chennai,646.7,147.37,Bike,Apparel,Clear,230.86,1,4.0,Delayed,0.5511641893633474,0.15459874330535994,0.00937844350889536
SC11998,2025-02-13,Chennai,Mumbai,421.0,429.24,Bike,Pharma,Clear,3340.02,5,4.0,On-Time,0.35724718618438017,0.45176696326909294,0.3763901668583867
SC11999,2025-11-08,Bengaluru,Hyderabad,97.8,387.92,Van,Groceries,Fog,2624.86,4,3.0,On-Time,0.07956009966491968,0.4082043604773753,0.29197119064917837
